NA,word,eword
NA,Two,Two
NA,passengers,passengers
NA,found,found
NA,dead,dead
NA,on,on
NA,a,a
NA,cruise,cruise
NA,ship,ship
NA,in,in
NA,Puerto,Puerto
NA,Rico,Rico
NA,appear,appear
swap_repeat,to,ot
NA,have,have
NA,died,died
NA,in,in
NA,a,a
NA,murder-suicide,,murder-suicide,
NA,the,the
NA,cruise,cruise
NA,line,line
NA,said.,said.
swap_repeat,Holland,Hollnad
NA,America,America
NA,Line,Line
swap_repeat,said,asid
NA,two,two
NA,guests,guests
NA,were,were
NA,found,found
swap_repeat,dead,edad
NA,inside,inside
NA,their,their
NA,stateroom,stateroom
NA,on,on
NA,the,the
NA,ms,ms
NA,Ryndam,Ryndam
swap_repeat,at,ta
NA,11:30,11:30
NA,a.m.,a.m.
NA,Thursday.,Thursday.
NA,"The,"The
swap_repeat,cabin,cbain
NA,was,was
NA,immediately,immediately
swap_repeat,secured,,sceured,
NA,and,and
NA,the,the
NA,authorities,authorities
NA,were,were
NA,notified,,notified,
NA,including,including
NA,the,the
NA,FBI,",FBI,"
swap_repeat,Holland,Hloland
NA,America,America
NA,said.,said.
NA,"We,"We
NA,are,are
NA,cooperating,cooperating
NA,fully,fully
NA,with,with
NA,the,the
NA,investigation,,investigation,
NA,and,and
NA,the,the
NA,authorities,authorities
NA,will,will
NA,make,make
NA,the,the
NA,official,official
NA,determination,determination
NA,on,on
NA,what,what
NA,occurred.",occurred."
NA,FBI,FBI
NA,spokesman,spokesman
swap_repeat,Moises,Moiess
NA,Quinones,Quinones
NA,said,said
NA,authorities,authorities
swap_repeat,were,wree
swap_repeat,on,no
NA,scene,scene
NA,investigating.,investigating.
NA,The,The
NA,ship,ship
NA,left,left
NA,Tampa,,Tampa,
NA,Florida,,Florida,
NA,on,on
NA,March,March
NA,29,29
NA,on,on
NA,a,a
NA,14-day,14-day
NA,Southern,Southern
NA,Caribbean,Caribbean
NA,cruise.,cruise.
NA,It's,It's
NA,currently,currently
NA,in,in
NA,San,San
NA,Juan,,Juan,
NA,Puerto,Puerto
NA,Rico.,Rico.
NA,Puerto,Puerto
NA,Rico,Rico
NA,Port,Port
NA,Authority,Authority
NA,spokesman,spokesman
swap_repeat,Efrain,Efrian
NA,Santiago,Santiago
NA,told,told
NA,El,El
NA,Nuevo,Nuevo
swap_repeat,Dia,Dai
NA,newspaper,newspaper
swap_repeat,that,htat
swap_repeat,the,teh
NA,cleaning,cleaning
NA,staff,staff
NA,on,on
swap_repeat,the,teh
NA,ship,ship
NA,had,had
NA,discovered,discovered
NA,the,the
NA,deceased,deceased
NA,passengers,passengers
NA,after,after
NA,knocking,knocking
NA,on,on
NA,the,the
NA,cabin's,cabin's
swap_repeat,door.,odor.
NA,Sabra,Sabra
NA,Dipping,Dipping
NA,Co.,Co.
NA,is,is
NA,recalling,recalling
NA,30,000,30,000
NA,cases,cases
NA,of,of
NA,hummus,hummus
NA,due,due
NA,to,to
NA,possible,possible
NA,contamination,contamination
NA,with,with
NA,Listeria,,Listeria,
NA,the,the
NA,U.S.,U.S.
NA,Food,Food
NA,and,and
swap_repeat,Drug,Drgu
NA,Administration,Administration
NA,said,said
NA,Wednesday.,Wednesday.
NA,The,The
NA,nationwide,nationwide
NA,recall,recall
NA,is,is
NA,voluntary.,voluntary.
NA,So,So
NA,far,,far,
NA,no,no
NA,illnesses,illnesses
NA,caused,caused
NA,by,by
NA,the,the
NA,hummus,hummus
NA,have,have
NA,been,been
NA,reported.,reported.
NA,The,The
NA,potential,potential
NA,for,for
swap_repeat,contamination,contaminatino
NA,was,was
NA,discovered,discovered
swap_repeat,when,hwen
NA,a,a
NA,routine,,routine,
swap_repeat,random,ranodm
NA,sample,sample
NA,collected,collected
NA,at,at
NA,a,a
NA,Michigan,Michigan
NA,store,store
swap_repeat,on,no
NA,March,March
NA,30,30
NA,tested,tested
swap_repeat,positive,poistive
NA,for,for
NA,Listeria,Listeria
NA,monocytogenes.,monocytogenes.
NA,The,The
NA,FDA,FDA
NA,issued,issued
NA,a,a
NA,list,list
NA,of,of
NA,the,the
NA,products,products
NA,in,in
NA,the,the
swap_repeat,recall.,reclal.
NA,Anyone,Anyone
NA,who,who
NA,has,has
NA,purchased,purchased
NA,any,any
NA,of,of
NA,the,the
NA,items,items
NA,is,is
NA,urged,urged
NA,to,to
NA,dispose,dispose
NA,of,of
swap_repeat,or,ro
NA,return,return
NA,it,it
NA,to,to
NA,the,the
NA,store,store
NA,for,for
NA,a,a
NA,full,full
NA,refund.,refund.
NA,Listeria,Listeria
NA,monocytogenes,monocytogenes
NA,can,can
NA,cause,cause
NA,serious,serious
NA,and,and
NA,sometimes,sometimes
NA,fatal,fatal
NA,infections,infections
NA,in,in
NA,young,young
swap_repeat,children,,childrne,
NA,frail,frail
NA,or,or
swap_repeat,elderly,lederly
NA,people,,people,
NA,and,and
NA,others,others
NA,with,with
swap_repeat,weakened,ewakened
NA,immune,immune
swap_repeat,systems,,systesm,
NA,the,the
NA,FDA,FDA
NA,says.,says.
NA,Although,Although
NA,some,some
NA,people,people
NA,may,may
NA,suffer,suffer
NA,only,only
NA,short-term,short-term
NA,symptoms,symptoms
NA,such,such
NA,as,as
NA,high,high
NA,fever,,fever,
NA,severe,severe
NA,headache,,headache,
NA,nausea,,nausea,
NA,abdominal,abdominal
NA,pain,pain
NA,and,and
NA,diarrhea,,diarrhea,
NA,Listeria,Listeria
NA,can,can
NA,also,also
NA,cause,cause
NA,miscarriages,miscarriages
NA,and,and
NA,stillbirths,stillbirths
NA,among,among
NA,pregnant,pregnant
NA,women.,women.
NA,Good,Good
NA,news,news
NA,arrived,arrived
NA,Thursday,Thursday
NA,for,for
NA,"Fifty,"Fifty
NA,Shades,Shades
NA,of,of
NA,Grey",Grey"
NA,fans.,fans.
NA,Universal,Universal
NA,announced,announced
NA,Thursday,Thursday
NA,that,that
NA,the,the
NA,sequel,sequel
NA,to,to
NA,the,the
NA,box,box
NA,office,office
NA,blockbuster,blockbuster
NA,will,will
NA,hit,hit
swap_repeat,theaters,hteaters
NA,on,on
NA,Feb.,Feb.
NA,10,,10,
NA,2017.,2017.
NA,The,The
NA,third,third
NA,film,film
NA,in,in
NA,the,the
swap_repeat,series,esries
NA,will,will
NA,debut,debut
NA,Feb.,Feb.
NA,9,,9,
NA,2018.,2018.
NA,The,The
swap_repeat,news,enws
NA,came,came
NA,one,one
NA,day,day
NA,after,after
NA,The,The
NA,Hollywood,Hollywood
NA,Reporter,Reporter
swap_repeat,reported,repotred
NA,exclusively,exclusively
NA,that,that
NA,the,the
NA,husband,husband
NA,of,of
NA,EL,EL
NA,James,,James,
NA,author,author
NA,of,of
swap_repeat,the,teh
NA,"Fifty,"Fifty
NA,Shades",Shades"
NA,trilogy,,trilogy,
NA,will,will
NA,write,write
NA,the,the
NA,script,script
NA,for,for
NA,the,the
swap_repeat,second,secnod
NA,film.,film.
NA,Niall,Niall
NA,Leonard,,Leonard,
NA,who,who
NA,is,is
NA,married,married
NA,and,and
NA,has,has
swap_repeat,two,wto
NA,sons,sons
NA,with,with
NA,the,the
NA,British,British
swap_repeat,author,,autohr,
NA,is,is
swap_repeat,an,na
NA,author,author
swap_repeat,himself,,himslef,
NA,in,in
NA,addition,addition
NA,to,to
NA,being,being
NA,a,a
NA,screenwriter.,screenwriter.
NA,James,,James,
NA,whose,whose
NA,real,real
NA,name,name
NA,is,is
NA,Erika,Erika
NA,Leonard,,Leonard,
NA,has,has
NA,been,been
NA,credited,credited
NA,with,with
swap_repeat,keeping,ekeping
NA,a,a
NA,strong,strong
swap_repeat,amount,amuont
NA,of,of
NA,creative,creative
NA,control,control
NA,when,when
NA,it,it
NA,comes,comes
NA,to,to
NA,Universal's,Universal's
NA,adaptations,adaptations
NA,of,of
NA,her,her
NA,books,,books,
NA,the,the
NA,second,second
NA,of,of
NA,which,which
NA,is,is
NA,titled,titled
NA,"Fifty,"Fifty
NA,Shades,Shades
NA,Darker.",Darker."
NA,After,After
NA,clashing,clashing
NA,with,with
swap_repeat,James,,Jmaes,
NA,Sam,Sam
NA,Taylor-Johnson,Taylor-Johnson
NA,isn't,isn't
NA,returning,returning
swap_repeat,to,ot
NA,direct,direct
NA,the,the
NA,sequel.,sequel.
NA,Stars,Stars
NA,Dakota,Dakota
swap_repeat,Johnson,Jhonson
NA,and,and
NA,Jamie,Jamie
NA,Dornan,Dornan
NA,are,are
NA,negotiating,negotiating
NA,for,for
NA,more,more
NA,money,money
NA,for,for
NA,the,the
swap_repeat,sequel,seuqel
NA,after,after
swap_repeat,the,hte
NA,first,first
NA,film,,film,
NA,release,release
NA,over,over
swap_repeat,Valentine's,Valetnine's
NA,Day,Day
NA,weekend,weekend
NA,of,of
NA,this,this
NA,year,,year,
NA,earned,earned
NA,a,a
NA,massive,massive
NA,$568.8,$568.8
NA,million,million
NA,worldwide.,worldwide.
NA,South,South
NA,Korea's,Korea's
swap_repeat,Prime,Pirme
NA,Minister,Minister
NA,Lee,Lee
NA,Wan-koo,Wan-koo
NA,offered,offered
NA,to,to
NA,resign,resign
NA,on,on
NA,Monday,Monday
NA,amid,amid
NA,a,a
NA,growing,growing
NA,political,political
NA,scandal.,scandal.
NA,Lee,Lee
NA,will,will
NA,stay,stay
NA,in,in
NA,his,his
swap_repeat,official,officail
NA,role,role
NA,until,until
NA,South,South
NA,Korean,Korean
NA,President,President
NA,Park,Park
NA,Geun-hye,Geun-hye
NA,accepts,accepts
NA,his,his
NA,resignation.,resignation.
NA,He,He
NA,has,has
NA,transferred,transferred
NA,his,his
NA,role,role
NA,of,of
swap_repeat,chairing,chariing
NA,Cabinet,Cabinet
NA,meetings,meetings
NA,to,to
NA,the,the
NA,deputy,deputy
NA,prime,prime
NA,minister,minister
NA,for,for
NA,the,the
NA,time,time
NA,being,,being,
NA,according,according
NA,to,to
NA,his,his
swap_repeat,office.,offcie.
NA,Park,Park
NA,heard,heard
NA,about,about
NA,the,the
NA,resignation,resignation
NA,and,and
NA,called,called
NA,it,it
NA,"regrettable,","regrettable,"
NA,according,according
NA,to,to
NA,the,the
NA,South,South
NA,Korean,Korean
NA,presidential,presidential
NA,office.,office.
NA,Calls,Calls
swap_repeat,for,fro
NA,Lee,Lee
NA,to,to
NA,resign,resign
NA,began,began
NA,after,after
NA,South,South
NA,Korean,Korean
NA,tycoon,tycoon
NA,Sung,Sung
NA,Woan-jong,Woan-jong
swap_repeat,was,wsa
NA,found,found
NA,hanging,hanging
NA,from,from
NA,a,a
NA,tree,tree
NA,in,in
NA,Seoul,Seoul
NA,in,in
NA,an,an
NA,apparent,apparent
NA,suicide,suicide
NA,on,on
swap_repeat,April,Apirl
NA,9.,9.
NA,Sung,,Sung,
NA,who,who
NA,was,was
NA,under,under
NA,investigation,investigation
NA,for,for
swap_repeat,fraud,farud
NA,and,and
NA,bribery,,bribery,
NA,left,left
NA,a,a
NA,note,note
NA,listing,listing
NA,names,names
NA,and,and
NA,amounts,amounts
NA,of,of
NA,cash,cash
NA,given,given
NA,to,to
NA,top,top
NA,officials,,officials,
NA,including,including
NA,those,those
NA,who,who
NA,work,work
NA,for,for
NA,the,the
NA,President.,President.
NA,Lee,Lee
NA,and,and
NA,seven,seven
NA,other,other
NA,politicians,politicians
NA,with,with
NA,links,links
NA,to,to
NA,the,the
NA,South,South
NA,Korean,Korean
NA,President,President
NA,are,are
NA,under,under
NA,investigation.,investigation.
NA,A,A
NA,special,special
NA,prosecutor's,prosecutor's
NA,team,team
NA,has,has
NA,been,been
NA,established,established
NA,to,to
NA,investigate,investigate
NA,the,the
NA,case.,case.
NA,Lee,Lee
NA,had,had
NA,adamantly,adamantly
NA,denied,denied
NA,the,the
NA,allegations,allegations
NA,as,as
NA,the,the
NA,scandal,scandal
swap_repeat,escalated:,escalatde:
NA,"If,"If
NA,there,there
NA,are,are
swap_repeat,any,nay
NA,evidence,,evidence,
NA,I,I
NA,will,will
NA,give,give
swap_repeat,out,uot
NA,my,my
NA,life.,life.
NA,As,As
NA,a,a
NA,Prime,Prime
NA,Minister,,Minister,
NA,I,I
swap_repeat,will,wlil
NA,accept,accept
NA,Prosecutor,Prosecutor
NA,Office's,Office's
NA,investigation,investigation
NA,first.",first."
NA,Park,Park
NA,has,has
NA,said,said
NA,that,that
NA,she,she
NA,is,is
NA,taking,taking
NA,the,the
NA,accusations,accusations
NA,very,very
NA,seriously.,seriously.
NA,Before,Before
NA,departing,departing
swap_repeat,on,no
NA,her,her
swap_repeat,trip,trpi
NA,to,to
NA,Central,Central
NA,and,and
NA,South,South
NA,America,,America,
swap_repeat,she,hse
NA,condemned,condemned
NA,political,political
NA,corruption,corruption
NA,in,in
NA,her,her
swap_repeat,country.,cuontry.
NA,"Corruption,"Corruption
NA,and,and
NA,deep-rooted,deep-rooted
NA,evil,evil
NA,are,are
NA,issues,issues
NA,that,that
swap_repeat,can,acn
NA,lead,lead
NA,to,to
NA,taking,taking
NA,away,away
NA,people's,people's
NA,lives.,lives.
NA,We,We
NA,take,take
NA,this,this
NA,very,very
NA,seriously.",seriously."
NA,"We,"We
NA,must,must
swap_repeat,make,amke
swap_repeat,sure,usre
NA,to,to
NA,set,set
NA,straight,straight
NA,this,this
NA,issue,issue
NA,as,as
NA,a,a
NA,matter,matter
NA,of,of
NA,political,political
NA,reform.,reform.
NA,I,I
NA,will,will
NA,not,not
NA,forgive,forgive
NA,anyone,anyone
NA,who,who
NA,is,is
swap_repeat,responsible,responsilbe
NA,for,for
NA,corruption,corruption
swap_repeat,or,ro
NA,wrongdoing.",wrongdoing."
NA,Park,Park
NA,is,is
NA,in,in
NA,Peru,Peru
NA,and,and
NA,is,is
NA,expected,expected
NA,to,to
NA,arrive,arrive
NA,back,back
NA,to,to
NA,South,South
NA,Korea,Korea
NA,on,on
NA,April,April
NA,27.,27.
NA,Blues,Blues
NA,legend,legend
NA,B.B.,B.B.
NA,King,King
NA,was,was
NA,hospitalized,hospitalized
NA,for,for
NA,dehydration,,dehydration,
NA,though,though
NA,the,the
NA,ailment,ailment
NA,didn't,didn't
NA,keep,keep
NA,him,him
NA,out,out
NA,for,for
NA,long.,long.
NA,King's,King's
NA,dehydration,dehydration
NA,was,was
NA,caused,caused
NA,by,by
swap_repeat,his,ihs
NA,Type,Type
NA,II,II
NA,diabetes,,diabetes,
NA,but,but
NA,he,he
NA,"is,"is
NA,much,much
NA,better,",better,"
NA,his,his
NA,daughter,,daughter,
NA,Claudette,Claudette
NA,King,,King,
NA,told,told
NA,the,the
NA,Los,Los
NA,Angeles,Angeles
NA,Times.,Times.
NA,The,The
NA,legendary,legendary
swap_repeat,guitarist,gutiarist
NA,and,and
NA,vocalist,vocalist
NA,released,released
NA,a,a
NA,statement,statement
NA,thanking,thanking
NA,those,those
swap_repeat,who,woh
NA,have,have
NA,expressed,expressed
NA,their,their
NA,concerns.,concerns.
NA,"I'm,"I'm
NA,feeling,feeling
NA,much,much
NA,better,better
swap_repeat,and,adn
swap_repeat,am,ma
NA,leaving,leaving
NA,the,the
NA,hospital,hospital
NA,today,",today,"
NA,King,King
NA,said,said
NA,in,in
NA,a,a
NA,message,message
NA,Tuesday.,Tuesday.
NA,Angela,Angela
NA,Moore,,Moore,
NA,a,a
NA,publicist,publicist
NA,for,for
swap_repeat,Claudette,Claudetet
swap_repeat,King,,Kign,
NA,said,said
NA,later,later
swap_repeat,in,ni
NA,the,the
NA,day,day
swap_repeat,that,htat
NA,he,he
NA,was,was
NA,back,back
swap_repeat,home,hmoe
NA,resting,resting
NA,and,and
NA,enjoying,enjoying
swap_repeat,time,tiem
NA,with,with
NA,his,his
NA,grandchildren.,grandchildren.
NA,"He,"He
NA,was,was
NA,struggling,struggling
NA,before,,before,
NA,and,and
swap_repeat,he,eh
swap_repeat,is,si
NA,a,a
NA,trouper,",trouper,"
NA,Moore,Moore
NA,said.,said.
NA,"He,"He
swap_repeat,wasn't,wans't
NA,going,going
NA,to,to
NA,let,let
NA,his,his
NA,fans,fans
NA,down.",down."
NA,No,No
NA,more,more
NA,information,information
swap_repeat,on,no
NA,King's,King's
NA,condition,condition
NA,or,or
NA,where,where
NA,he,he
NA,was,was
NA,hospitalized,hospitalized
NA,was,was
NA,immediately,immediately
NA,available.,available.
NA,B.B.,B.B.
NA,is,is
swap_repeat,short,hsort
NA,for,for
swap_repeat,Blues,Bluse
NA,Boy,,Boy,
NA,part,part
swap_repeat,of,fo
NA,the,the
NA,name,name
NA,he,he
NA,used,used
NA,as,as
NA,a,a
NA,Memphis,Memphis
NA,disc,disc
NA,jockey,,jockey,
NA,the,the
NA,Beale,Beale
NA,Street,Street
NA,Blues,Blues
NA,Boy.,Boy.
NA,He,He
NA,was,was
NA,inducted,inducted
NA,into,into
NA,the,the
NA,Rock,Rock
NA,and,and
swap_repeat,Roll,Rlol
NA,Hall,Hall
NA,of,of
NA,Fame,Fame
NA,in,in
NA,1987,,1987,
NA,and,and
NA,has,has
NA,30,30
NA,Grammy,Grammy
NA,nominations.,nominations.
NA,King,,King,
NA,89,,89,
NA,has,has
NA,used,used
NA,various,various
NA,models,models
NA,of,of
NA,Gibson,Gibson
NA,guitars,guitars
NA,over,over
NA,the,the
swap_repeat,years,,eyars,
NA,and,and
NA,named,named
NA,each,each
NA,one,one
NA,of,of
NA,them,them
NA,Lucille.,Lucille.
NA,In,In
NA,the,the
NA,1980s,,1980s,
NA,Gibson,Gibson
NA,officially,officially
NA,dropped,dropped
NA,the,the
swap_repeat,model,mdoel
NA,number,number
swap_repeat,on,no
NA,the,the
NA,guitar,guitar
NA,he,he
NA,used,used
NA,last,last
NA,and,and
NA,most.,most.
NA,It,It
NA,became,became
NA,a,a
NA,custom-made,custom-made
NA,signature,signature
NA,model,model
NA,named,named
NA,Lucille,,Lucille,
swap_repeat,manufactured,manufcatured
NA,exclusively,exclusively
NA,for,for
NA,the,the
NA,"King,"King
NA,of,of
NA,the,the
NA,Blues.",Blues."
NA,Some,Some
NA,of,of
NA,his,his
NA,hits,hits
NA,include,include
NA,"The,"The
NA,Thrill,Thrill
NA,Is,Is
NA,Gone,",Gone,"
NA,which,which
NA,won,won
NA,him,him
NA,his,his
NA,first,first
NA,Grammy,Grammy
NA,in,in
NA,1970,,1970,
swap_repeat,"There,"Theer
NA,Must,Must
NA,be,be
NA,a,a
NA,Better,Better
NA,World,World
NA,Somewhere",Somewhere"
NA,and,and
NA,"When,"When
NA,Love,Love
NA,Comes,Comes
NA,to,to
NA,Town,",Town,"
NA,a,a
NA,collaboration,collaboration
NA,with,with
NA,U2.,U2.
NA,Last,Last
NA,year,,year,
NA,the,the
NA,bluesman,bluesman
swap_repeat,suffered,usffered
NA,from,from
NA,dehydration,dehydration
swap_repeat,and,adn
NA,exhaustion,exhaustion
NA,after,after
NA,a,a
NA,show,show
swap_repeat,in,ni
NA,Chicago,,Chicago,
NA,forcing,forcing
NA,him,him
NA,to,to
NA,cancel,cancel
NA,the,the
NA,remainder,remainder
NA,of,of
NA,his,his
NA,tour.,tour.
NA,The,The
NA,underwater,underwater
NA,search,search
NA,area,area
swap_repeat,for,ofr
NA,missing,missing
NA,Malaysia,Malaysia
NA,Airlines,Airlines
NA,Flight,Flight
NA,370,370
swap_repeat,looks,loosk
NA,set,set
NA,to,to
NA,double,double
swap_repeat,in,ni
NA,size.,size.
NA,Teams,Teams
NA,are,are
NA,scouring,scouring
NA,the,the
NA,depths,depths
NA,of,of
NA,a,a
NA,remote,remote
NA,part,part
NA,of,of
NA,the,the
NA,southern,southern
NA,Indian,Indian
NA,Ocean,Ocean
NA,for,for
NA,the,the
NA,remains,remains
NA,of,of
NA,the,the
NA,passenger,passenger
NA,jet,jet
NA,that,that
NA,disappeared,disappeared
NA,more,more
NA,than,than
NA,a,a
NA,year,year
NA,ago,ago
NA,with,with
NA,239,239
NA,people,people
NA,on,on
swap_repeat,board.,borad.
NA,So,So
NA,far,,far,
NA,they've,they've
NA,covered,covered
NA,about,about
NA,60%,60%
NA,of,of
NA,the,the
NA,priority,priority
NA,search,search
NA,zone,zone
NA,without,without
NA,reporting,reporting
NA,any,any
NA,trace,trace
swap_repeat,of,fo
NA,the,the
swap_repeat,airliner.,airilner.
NA,Families,Families
NA,of,of
NA,passengers,passengers
NA,and,and
NA,crew,crew
NA,members,members
NA,still,still
NA,have,have
NA,no,no
NA,answers,answers
NA,about,about
NA,what,what
NA,happened,happened
NA,to,to
NA,their,their
NA,loved,loved
NA,ones.,ones.
NA,If,If
NA,the,the
NA,searchers,searchers
NA,haven't,haven't
NA,found,found
swap_repeat,anything,anythnig
NA,by,by
swap_repeat,the,teh
NA,time,time
NA,they've,they've
NA,covered,covered
NA,the,the
swap_repeat,entire,etnire
NA,60,000-square-kilometer,60,000-square-kilometer
NA,priority,priority
NA,zone,,zone,
NA,the,the
NA,search,search
NA,will,will
NA,stretch,stretch
NA,into,into
NA,a,a
NA,new,new
NA,equally,equally
NA,vast,vast
NA,area,,area,
NA,government,government
NA,officials,officials
NA,from,from
NA,Malaysia,,Malaysia,
NA,Australia,Australia
NA,and,and
NA,China,China
swap_repeat,announced,annoucned
NA,Thursday.,Thursday.
NA,"Ministers,"Ministers
NA,remain,remain
NA,committed,committed
NA,to,to
NA,bring,bring
NA,closure,closure
NA,and,and
NA,some,some
NA,peace,peace
NA,to,to
NA,the,the
NA,families,families
NA,and,and
NA,loved,loved
NA,ones,ones
NA,of,of
NA,those,those
NA,on,on
NA,board,board
NA,Malaysia,Malaysia
NA,Airlines,Airlines
NA,Flight,Flight
NA,MH370,",MH370,"
NA,the,the
NA,three,three
NA,countries,countries
NA,said,said
swap_repeat,in,ni
NA,a,a
NA,joint,joint
NA,statement.,statement.
NA,The,The
NA,search,search
NA,of,of
NA,the,the
swap_repeat,current,curernt
NA,priority,priority
NA,zone,zone
NA,is,is
NA,expected,expected
swap_repeat,to,ot
swap_repeat,be,eb
swap_repeat,completed,compelted
NA,in,in
NA,May.,May.
swap_repeat,Covering,Cvoering
swap_repeat,the,teh
NA,new,new
NA,zone,zone
NA,could,could
NA,take,take
swap_repeat,as,sa
NA,long,long
swap_repeat,as,sa
NA,a,a
NA,year.,year.
NA,At,At
NA,that,that
swap_repeat,point,,opint,
NA,"all,"all
NA,high,high
NA,probability,probability
NA,search,search
NA,areas,areas
swap_repeat,would,wuold
NA,have,have
NA,been,been
swap_repeat,covered,",cvoered,"
NA,the,the
NA,governments,governments
NA,said,said
NA,Thursday.,Thursday.
NA,The,The
swap_repeat,size,isze
NA,of,of
NA,the,the
NA,doubled,doubled
NA,search,search
NA,area,,area,
NA,the,the
NA,equivalent,equivalent
NA,of,of
swap_repeat,more,moer
NA,than,than
NA,46,000,46,000
NA,square,square
NA,miles,,miles,
NA,would,would
NA,be,be
NA,bigger,bigger
NA,than,than
NA,the,the
NA,U.S.,U.S.
NA,state,state
NA,of,of
NA,Pennsylvania.,Pennsylvania.
NA,Flight,Flight
NA,370,370
NA,vanished,vanished
NA,after,after
swap_repeat,taking,takign
swap_repeat,off,fof
NA,from,from
NA,Kuala,Kuala
NA,Lumpur,,Lumpur,
NA,Malaysia,,Malaysia,
NA,on,on
NA,March,March
NA,8,,8,
NA,2014,,2014,
NA,bound,bound
NA,for,for
NA,Beijing.,Beijing.
NA,Officials,Officials
NA,are,are
NA,still,still
NA,trying,trying
NA,to,to
NA,figure,figure
NA,out,out
NA,why,why
swap_repeat,it,ti
NA,veered,veered
NA,dramatically,dramatically
NA,off,off
NA,course,course
NA,over,over
swap_repeat,the,teh
NA,sea,sea
NA,between,between
NA,Malaysia,Malaysia
NA,and,and
NA,Vietnam,Vietnam
NA,and,and
NA,where,where
swap_repeat,exactly,eaxctly
NA,it,it
NA,ended,ended
NA,up.,up.
NA,An,An
NA,international,international
NA,team,team
swap_repeat,of,fo
NA,experts,experts
NA,used,used
NA,satellite,satellite
NA,data,data
NA,to,to
NA,calculate,calculate
NA,that,that
NA,the,the
NA,plane,plane
NA,eventually,eventually
NA,went,went
NA,down,down
NA,in,in
NA,the,the
NA,southern,southern
NA,Indian,Indian
NA,Ocean,,Ocean,
NA,far,far
NA,off,off
NA,the,the
NA,coast,coast
NA,of,of
NA,Western,Western
NA,Australia.,Australia.
NA,The,The
NA,people,people
NA,on,on
NA,board,board
swap_repeat,the,hte
NA,Boeing,Boeing
NA,777,777
NA,came,came
swap_repeat,from,rfom
NA,various,various
NA,nations,,nations,
swap_repeat,but,ubt
NA,the,the
NA,majority,majority
NA,were,were
NA,Chinese.,Chinese.
swap_repeat,Six,Sxi
NA,survivors,survivors
NA,of,of
NA,the,the
NA,Paris,Paris
NA,kosher,kosher
swap_repeat,supermarket,supremarket
NA,siege,siege
NA,in,in
NA,January,January
NA,are,are
NA,suing,suing
NA,a,a
swap_repeat,French,Frecnh
swap_repeat,media,mdeia
NA,outlet,outlet
NA,for,for
NA,what,what
NA,they,they
NA,call,call
NA,dangerous,dangerous
NA,live,live
NA,broadcasting,broadcasting
swap_repeat,during,durign
NA,the,the
NA,hostage-taking.,hostage-taking.
NA,According,According
NA,to,to
NA,Paris,Paris
NA,prosecutor's,prosecutor's
NA,spokeswoman,spokeswoman
NA,Agnes,Agnes
NA,Thibault-Lecuivre,,Thibault-Lecuivre,
NA,the,the
NA,lawsuit,lawsuit
swap_repeat,was,aws
NA,filed,filed
NA,March,March
NA,27,27
NA,and,and
NA,a,a
NA,preliminary,preliminary
NA,investigation,investigation
NA,was,was
NA,opened,opened
NA,by,by
NA,the,the
NA,prosecutor's,prosecutor's
NA,office,office
NA,Wednesday.,Wednesday.
NA,The,The
NA,media,media
NA,outlet,,outlet,
NA,CNN,CNN
NA,affiliate,affiliate
NA,BFMTV,,BFMTV,
NA,is,is
NA,accused,accused
NA,of,of
NA,endangering,endangering
NA,the,the
NA,lives,lives
NA,of,of
NA,the,the
NA,hostages,,hostages,
NA,who,who
NA,were,were
NA,hiding,hiding
NA,in,in
NA,a,a
swap_repeat,cold,clod
NA,room,room
NA,during,during
NA,the,the
NA,attack,,attack,
NA,by,by
NA,broadcasting,broadcasting
swap_repeat,their,tehir
NA,location,location
NA,live,live
NA,during,during
NA,the,the
NA,siege.,siege.
NA,BFM,BFM
NA,in,in
NA,a,a
NA,statement,statement
swap_repeat,Friday,Fridya
NA,said,said
NA,one,one
NA,of,of
NA,its,its
NA,journalists,journalists
NA,"mentioned,"mentioned
NA,only,only
NA,once,once
NA,the,the
NA,presence,presence
NA,of,of
NA,a,a
NA,woman,woman
NA,hidden,hidden
NA,inside,inside
NA,the,the
NA,Hyper,Hyper
NA,Cacher,,Cacher,
NA,on,on
NA,the,the
NA,basis,basis
NA,of,of
NA,police,police
NA,sources,sources
NA,on,on
NA,the,the
NA,ground.",ground."
NA,"Immediately,,"Immediately,
NA,the,the
NA,chief,chief
swap_repeat,editor,eidtor
NA,felt,felt
NA,that,that
NA,this,this
NA,information,information
NA,should,should
NA,not,not
NA,be,be
NA,released.,released.
NA,It,It
NA,therefore,therefore
swap_repeat,has,ahs
NA,subsequently,subsequently
NA,never,never
swap_repeat,been,bene
NA,repeated,repeated
NA,on,on
NA,air,air
NA,or,or
NA,posted,posted
NA,on-screen.,on-screen.
NA,BFMTV,BFMTV
NA,regrets,regrets
NA,that,that
NA,the,the
NA,mention,mention
NA,of,of
NA,this,this
NA,information,information
NA,could,could
NA,cause,cause
NA,concern,concern
NA,to,to
NA,the,the
NA,hostages,,hostages,
NA,as,as
NA,well,well
NA,as,as
NA,their,their
swap_repeat,relatives,,relatievs,
NA,that,that
NA,their,their
NA,lives,lives
NA,were,were
NA,in,in
NA,danger,",danger,"
NA,the,the
NA,statement,statement
swap_repeat,said.,sadi.
NA,Gunman,Gunman
NA,Amedy,Amedy
NA,Coulibaly,,Coulibaly,
swap_repeat,also,alos
NA,suspected,suspected
NA,in,in
NA,the,the
NA,slaying,slaying
NA,of,of
NA,a,a
NA,police,police
NA,officer,,officer,
NA,stormed,stormed
NA,the,the
NA,Hyper,Hyper
NA,Cacher,Cacher
swap_repeat,Jewish,Jweish
NA,supermarket,supermarket
NA,on,on
NA,January,January
NA,9,,9,
NA,killing,killing
NA,four,four
NA,people,people
NA,and,and
NA,taking,taking
swap_repeat,others,othesr
NA,hostage.,hostage.
NA,He,He
NA,was,was
NA,killed,killed
swap_repeat,in,ni
NA,the,the
NA,police,police
NA,operation,operation
NA,to,to
NA,end,end
NA,the,the
NA,siege.,siege.
NA,A,A
NA,24-year-old,24-year-old
NA,supermarket,supermarket
NA,employee,,employee,
NA,Malian-born,Malian-born
NA,Lassana,Lassana
NA,Bathily,,Bathily,
NA,was,was
NA,hailed,hailed
NA,as,as
NA,a,a
NA,hero,hero
NA,afterward,afterward
NA,when,when
NA,it,it
NA,emerged,emerged
NA,that,that
NA,he,he
NA,had,had
NA,risked,risked
NA,his,his
NA,life,life
NA,to,to
NA,hide,hide
NA,15,15
NA,customers,customers
NA,from,from
NA,Coulibaly,Coulibaly
NA,in,in
NA,the,the
NA,cold,cold
NA,room.,room.
NA,The,The
NA,hostage-taking,hostage-taking
NA,was,was
NA,the,the
NA,culmination,culmination
NA,of,of
NA,three,three
NA,days,days
NA,of,of
NA,terror,terror
NA,in,in
NA,Paris,Paris
NA,that,that
swap_repeat,began,ebgan
NA,with,with
NA,the,the
NA,January,January
NA,7,7
NA,shooting,shooting
NA,of,of
NA,12,12
NA,people,people
NA,at,at
NA,the,the
NA,offices,offices
NA,of,of
NA,French,French
swap_repeat,satirical,satircial
NA,magazine,magazine
NA,Charlie,Charlie
NA,Hebdo.,Hebdo.
NA,The,The
NA,two,two
NA,brothers,brothers
NA,blamed,blamed
NA,for,for
NA,that,that
swap_repeat,attack,,attakc,
NA,Cherif,Cherif
NA,and,and
NA,Said,Said
NA,Kouachi,,Kouachi,
NA,were,were
NA,killed,killed
NA,on,on
NA,January,January
NA,9,9
NA,after,after
NA,a,a
swap_repeat,violent,vioelnt
NA,standoff,standoff
NA,at,at
NA,an,an
NA,industrial,industrial
NA,site.,site.
NA,The,The
NA,terror,terror
NA,attacks,attacks
NA,claimed,claimed
swap_repeat,the,teh
NA,lives,lives
NA,of,of
NA,17,17
NA,people,people
NA,and,and
swap_repeat,put,upt
NA,France,France
NA,on,on
NA,a,a
swap_repeat,heightened,ehightened
swap_repeat,state,sttae
NA,of,of
NA,alert.,alert.
NA,The,The
NA,accidental,accidental
NA,death,death
NA,of,of
NA,a,a
NA,2-year-old,2-year-old
NA,boy,boy
NA,in,in
NA,Milwaukee,Milwaukee
NA,on,on
NA,Sunday,Sunday
swap_repeat,triggered,triggerde
NA,a,a
NA,violent,violent
NA,chain,chain
NA,of,of
NA,events,,events,
NA,eventually,eventually
NA,claiming,claiming
NA,the,the
NA,lives,lives
NA,of,of
NA,three,three
NA,more,more
NA,people.,people.
NA,It,It
NA,all,all
NA,started,started
swap_repeat,with,iwth
NA,a,a
NA,birthday,birthday
NA,party,party
NA,that,that
swap_repeat,little,ilttle
NA,Damani,Damani
NA,Terry,Terry
NA,was,was
NA,attending.,attending.
NA,During,During
NA,the,the
NA,family,family
NA,gathering,,gathering,
NA,he,he
NA,dashed,dashed
NA,out,out
NA,into,into
NA,the,the
NA,street,street
NA,and,and
NA,was,was
NA,struck,struck
NA,and,and
NA,killed,killed
NA,by,by
NA,a,a
NA,GMC,GMC
NA,van,,van,
NA,according,according
NA,to,to
swap_repeat,Milwaukee,Milwuakee
NA,police.,police.
NA,The,The
NA,distraught,distraught
swap_repeat,driver,,drvier,
NA,Archie,Archie
swap_repeat,Brown,Borwn
NA,Jr.,,Jr.,
NA,40,,40,
swap_repeat,immediately,immeidately
swap_repeat,stopped,stopepd
NA,and,and
NA,got,got
NA,out,out
NA,to,to
NA,tend,tend
NA,to,to
NA,the,the
swap_repeat,boy.,byo.
NA,But,But
NA,it,it
NA,was,was
NA,too,too
NA,late,,late,
NA,police,police
NA,said.,said.
NA,Damani,Damani
NA,was,was
swap_repeat,dead.,edad.
NA,Damani's,Damani's
NA,alarmed,alarmed
NA,family,family
swap_repeat,came,acme
NA,running,,running,
NA,including,including
NA,his,his
NA,older,older
NA,brother,,brother,
NA,15-year-old,15-year-old
NA,Rasheed,Rasheed
NA,Chiles,,Chiles,
NA,police,police
NA,said.,said.
NA,That,That
NA,was,was
NA,not,not
NA,the,the
NA,end,end
NA,of,of
NA,the,the
swap_repeat,situation.,siutation.
NA,Soon,,Soon,
NA,two,two
NA,more,more
swap_repeat,people,peopel
swap_repeat,would,wuold
NA,also,also
NA,die:,die:
NA,the,the
NA,driver,driver
NA,and,and
swap_repeat,the,hte
NA,teen,teen
NA,were,were
NA,both,both
NA,felled,felled
NA,by,by
NA,bullets,bullets
NA,fired,fired
NA,by,by
NA,the,the
NA,same,same
NA,man,,man,
swap_repeat,police,polcie
NA,said.,said.
NA,That,That
NA,man,,man,
NA,identified,identified
NA,as,as
NA,Ricky,Ricky
NA,Ricardo,Ricardo
NA,Chiles,Chiles
NA,III,,III,
NA,was,was
NA,located,located
NA,late,late
NA,Wednesday,Wednesday
NA,at,at
NA,a,a
NA,Chicago-area,Chicago-area
NA,hotel.,hotel.
NA,He,He
NA,committed,committed
NA,suicide,suicide
NA,as,as
NA,authorities,authorities
NA,closed,closed
NA,in,in
NA,with,with
NA,a,a
NA,warrant,warrant
NA,for,for
NA,his,his
NA,arrest,,arrest,
swap_repeat,Milwaukee,Milwuakee
NA,Police,Police
swap_repeat,Chief,Cihef
NA,Ed,Ed
NA,Flynn,Flynn
NA,told,told
NA,reporters.,reporters.
NA,"Chicago,"Chicago
NA,police,police
NA,and,and
NA,United,United
NA,States,States
NA,Marshals,Marshals
NA,Service,Service
NA,entered,entered
NA,the,the
NA,hotel,hotel
NA,room,,room,
NA,whereupon,whereupon
NA,Mr.,Mr.
NA,Chiles,Chiles
NA,took,took
NA,his,his
NA,own,own
NA,life,life
swap_repeat,with,iwth
NA,his,his
NA,firearm,",firearm,"
NA,the,the
NA,police,police
NA,chief,chief
NA,said,said
swap_repeat,Thursday.,Tuhrsday.
NA,An,An
NA,accidental,accidental
NA,death,,death,
NA,a,a
NA,fatal,fatal
NA,retaliation,retaliation
NA,rips,rips
NA,apart,apart
NA,two,two
NA,families,families
NA,Damani's,Damani's
NA,family,family
NA,members,members
NA,had,had
NA,previously,previously
NA,identified,identified
NA,the,the
swap_repeat,shooting,hsooting
NA,suspect,suspect
NA,as,as
swap_repeat,the,hte
NA,boys',boys'
NA,uncle.,uncle.
NA,"Sunday,"Sunday
NA,was,was
NA,the,the
NA,worst,worst
NA,day,day
NA,I,I
NA,ever,ever
swap_repeat,lived,lievd
NA,in,in
NA,my,my
swap_repeat,whole,wohle
NA,entire,entire
NA,life,",life,"
NA,Lena,Lena
NA,Tidwell,,Tidwell,
NA,told,told
NA,CNN,CNN
NA,affiliate,affiliate
NA,WISN.,WISN.
NA,"It's,"It's
NA,a,a
NA,day,day
NA,I,I
NA,wish,wish
NA,had,had
NA,never,,never,
NA,never,never
NA,came.",came."
NA,Tidwell,Tidwell
NA,is,is
NA,the,the
NA,boys',boys'
NA,grandmother,grandmother
NA,and,and
NA,the,the
NA,mother,mother
NA,of,of
swap_repeat,the,hte
NA,alleged,alleged
NA,gunman.,gunman.
NA,She,She
NA,said,said
NA,she,she
NA,was,was
NA,inside,inside
NA,eating,eating
NA,cake,cake
swap_repeat,and,adn
NA,ice,ice
NA,cream,cream
NA,at,at
NA,the,the
NA,birthday,birthday
NA,when,when
NA,her,her
NA,life,life
NA,turned,turned
NA,upside,upside
NA,down.,down.
NA,"I,"I
swap_repeat,didn't,ddin't
swap_repeat,know,knwo
NA,my,my
NA,grandbaby,grandbaby
NA,got,got
NA,hit,,hit,
NA,and,and
NA,then,then
NA,I,I
NA,heard,heard
NA,people,people
NA,just,just
NA,screaming,",screaming,"
NA,she,she
NA,said.,said.
NA,"Then,"Then
NA,I,I
NA,just,just
NA,heard,heard
NA,gunshots,,gunshots,
NA,and,and
NA,my,my
NA,daughter,daughter
NA,ran,ran
NA,in,in
NA,the,the
NA,house,house
NA,with,with
NA,the,the
NA,baby,baby
swap_repeat,in,ni
NA,her,her
swap_repeat,arms.",amrs."
swap_repeat,The,Teh
NA,family,family
swap_repeat,believes,beileves
NA,the,the
NA,uncle,uncle
NA,targeted,targeted
NA,Brown,,Brown,
NA,and,and
NA,Rasheed,Rasheed
NA,was,was
swap_repeat,struck,strcuk
swap_repeat,by,yb
NA,an,an
NA,errant,errant
NA,bullet.,bullet.
NA,"I,"I
NA,heard,heard
NA,he,he
NA,was,was
swap_repeat,trying,triyng
NA,to,to
NA,pick,pick
NA,his,his
NA,brother,brother
NA,up.,up.
NA,He,He
NA,was,was
NA,trying,trying
NA,to,to
NA,hold,hold
NA,him,him
NA,and,and
NA,save,save
NA,him,",him,"
NA,a,a
swap_repeat,family,afmily
NA,friend,,friend,
NA,Stephanie,Stephanie
NA,Townsend,,Townsend,
NA,told,told
NA,CNN,CNN
swap_repeat,affiliate,affliiate
NA,WITI.,WITI.
NA,Earlier,Earlier
NA,this,this
NA,week,,week,
NA,Flynn,Flynn
NA,bemoaned,bemoaned
NA,the,the
swap_repeat,apparent,paparent
swap_repeat,madness,madenss
NA,of,of
NA,what,what
NA,happened.,happened.
NA,"What,"What
NA,did,did
NA,we,we
NA,have,have
NA,Sunday?",Sunday?"
NA,Flynn,Flynn
NA,asked.,asked.
NA,"We,"We
NA,had,had
NA,some,some
swap_repeat,clown,clwon
NA,take,take
NA,the,the
swap_repeat,law,lwa
NA,into,into
NA,his,his
NA,own,own
NA,hands,hands
NA,and,and
NA,murder,murder
NA,a,a
NA,guy,guy
NA,who,who
NA,was,was
NA,doing,doing
NA,what,what
NA,we,we
NA,expect,expect
NA,good,good
NA,citizens,citizens
NA,to,to
NA,do,,do,
NA,and,and
NA,oops,,oops,
NA,accidentally,accidentally
NA,kill,kill
NA,somebody,somebody
NA,else.",else."
NA,In,In
NA,cities,cities
NA,across,across
NA,the,the
NA,United,United
swap_repeat,States,,Sttaes,
NA,marchers,marchers
NA,took,took
NA,to,to
NA,the,the
NA,streets,streets
NA,to,to
NA,show,show
NA,support,support
swap_repeat,for,ofr
NA,protesters,protesters
NA,in,in
NA,Baltimore,Baltimore
NA,and,and
swap_repeat,to,ot
NA,complain,complain
NA,about,about
NA,police,police
NA,violence,violence
NA,in,in
NA,their,their
NA,own,own
NA,towns.,towns.
NA,On,On
NA,Wednesday,Wednesday
NA,night,,night,
NA,several,several
NA,hundred,hundred
NA,people,people
NA,streamed,streamed
NA,into,into
NA,Union,Union
NA,Square,Square
NA,for,for
NA,an,an
NA,"NYC,"NYC
NA,Rise,Rise
NA,Up,Up
NA,&,&
NA,Shut,Shut
NA,It,It
swap_repeat,Down,Dwon
NA,With,With
NA,Baltimore",Baltimore"
NA,rally.,rally.
NA,Protesters,Protesters
NA,headed,headed
NA,west,west
NA,on,on
NA,17th,17th
NA,Street,Street
swap_repeat,and,nad
NA,were,were
NA,met,met
NA,by,by
NA,New,New
NA,York,York
NA,City,City
NA,Police,Police
NA,officers,officers
NA,who,who
NA,pushed,pushed
NA,them,them
swap_repeat,back.,bcak.
NA,A,A
NA,small,small
NA,scuffle,scuffle
NA,broke,broke
NA,out,out
NA,between,between
NA,the,the
NA,two,two
NA,front,front
NA,lines,lines
NA,and,and
NA,police,police
NA,placed,placed
NA,at,at
NA,least,least
NA,20,20
NA,people,people
NA,in,in
swap_repeat,zip,izp
NA,ties,ties
NA,in,in
NA,the,the
NA,street.,street.
NA,The,The
NA,NYPD,NYPD
NA,also,also
NA,handed,handed
NA,out,out
NA,fliers,fliers
NA,and,and
NA,used,used
NA,loudspeakers,loudspeakers
NA,to,to
NA,tell,tell
NA,protesters,protesters
swap_repeat,and,nad
NA,pedestrians,pedestrians
NA,to,to
NA,stay,stay
NA,on,on
NA,the,the
NA,sidewalk.,sidewalk.
NA,One,One
NA,person,person
NA,was,was
NA,placed,placed
NA,in,in
NA,ambulance,ambulance
swap_repeat,and,adn
NA,taken,taken
NA,away.,away.
NA,The,The
swap_repeat,crowd,rcowd
NA,headed,headed
NA,toward,toward
NA,Times,Times
swap_repeat,Square.,Squrae.
NA,A,A
NA,law,law
NA,enforcement,enforcement
NA,source,source
NA,told,told
NA,CNN,CNN
swap_repeat,that,thta
NA,more,more
NA,than,than
NA,60,60
NA,people,people
NA,were,were
NA,arrested,arrested
NA,during,during
swap_repeat,the,teh
NA,demonstrations.,demonstrations.
NA,The,The
NA,rally,rally
NA,was,was
NA,organized,organized
NA,through,through
NA,social,social
swap_repeat,media,,meida,
NA,much,much
NA,like,like
NA,protests,protests
NA,over,over
swap_repeat,the,teh
NA,killing,killing
NA,of,of
NA,Eric,Eric
NA,Garner,,Garner,
NA,who,who
NA,died,died
NA,while,while
NA,police,police
NA,held,held
NA,him,him
NA,in,in
NA,what,what
NA,appeared,appeared
NA,to,to
NA,be,be
NA,a,a
NA,chokehold.,chokehold.
NA,The,The
NA,demonstrators,demonstrators
NA,chanted,chanted
swap_repeat,"Black,"Balck
NA,Lives,Lives
NA,Matter",Matter"
NA,and,and
NA,"Justice,"Justice
NA,for,for
NA,Freddie,Freddie
NA,Gray",Gray"
NA,--,--
NA,the,the
NA,Baltimore,Baltimore
NA,man,man
NA,whose,whose
NA,death,death
NA,sparked,sparked
NA,street,street
NA,confrontations,confrontations
NA,in,in
NA,Baltimore.,Baltimore.
NA,CNN,CNN
NA,affiliate,affiliate
NA,WCBS,WCBS
NA,reported,reported
NA,Mayor,Mayor
swap_repeat,Bill,Blil
NA,de,de
NA,Blasio,Blasio
NA,sent,sent
NA,a,a
NA,message,message
NA,to,to
NA,the,the
NA,protesters:,protesters:
NA,"I'd,"I'd
NA,say,say
NA,that,that
swap_repeat,if,fi
NA,you,you
NA,want,want
NA,to,to
NA,make,make
NA,change,,change,
NA,keep,keep
NA,things,things
NA,peaceful.",peaceful."
NA,A,A
NA,smaller,smaller
NA,rally,rally
NA,was,was
NA,held,held
NA,Tuesday,Tuesday
swap_repeat,in,ni
NA,New,New
NA,York.,York.
NA,In,In
NA,Washington,,Washington,
NA,about,about
NA,500,500
NA,protesters,,protesters,
NA,mostly,mostly
NA,in,in
swap_repeat,their,tehir
NA,20s,,20s,
NA,gathered,gathered
swap_repeat,in,ni
NA,the,the
swap_repeat,middle,imddle
NA,of,of
NA,H,H
NA,Street,Street
NA,and,and
NA,7th,7th
swap_repeat,and,adn
swap_repeat,chanted,,cahnted,
NA,"All,"All
NA,night,,night,
swap_repeat,all,lal
NA,day,,day,
NA,we're,we're
swap_repeat,gonna,ognna
NA,fight,fight
NA,for,for
NA,Freddie,Freddie
NA,Gray.",Gray."
swap_repeat,The,Teh
NA,mood,mood
NA,seemed,seemed
swap_repeat,more,moer
NA,festive,festive
swap_repeat,than,thna
swap_repeat,confrontational,,conrfontational,
NA,with,with
NA,songs,songs
NA,by,by
NA,Public,Public
NA,Enemy,Enemy
NA,like,like
NA,"Fight,"Fight
NA,the,the
NA,Power",Power"
NA,playing,playing
NA,and,and
NA,sign-language,sign-language
NA,interpreters,interpreters
NA,translating,translating
NA,the,the
NA,music,music
NA,and,and
NA,chants.,chants.
NA,The,The
NA,protest,protest
swap_repeat,moved,mvoed
NA,to,to
NA,the,the
NA,White,White
NA,House,House
NA,where,where
NA,most,most
NA,of,of
NA,the,the
NA,crowd,crowd
NA,dispersed.,dispersed.
NA,It,It
NA,started,started
NA,after,after
NA,most,most
NA,office,office
NA,workers,workers
NA,had,had
NA,headed,headed
NA,home,home
NA,and,and
NA,didn't,didn't
NA,disrupt,disrupt
NA,the,the
NA,Washington,Washington
NA,workforce,workforce
NA,badly.,badly.
swap_repeat,One,Oen
NA,of,of
NA,the,the
NA,groups,groups
NA,involved,involved
NA,in,in
NA,the,the
NA,protest,protest
swap_repeat,is,si
NA,the,the
NA,DC,DC
NA,Ferguson,Ferguson
swap_repeat,Movement.,Movemetn.
NA,Organizer,Organizer
NA,Eugene,Eugene
NA,Puryear,Puryear
swap_repeat,said,asid
NA,the,the
NA,march,march
NA,was,was
NA,called,called
swap_repeat,to,ot
NA,show,show
NA,solidarity,solidarity
NA,with,with
NA,the,the
NA,residents,residents
swap_repeat,in,ni
NA,Baltimore,Baltimore
swap_repeat,and,nad
NA,to,to
NA,highlight,highlight
NA,that,that
NA,police,police
NA,brutality,brutality
NA,is,is
NA,a,a
NA,national,national
NA,issue.,issue.
NA,Several,Several
NA,hundred,hundred
NA,people,people
NA,gathered,gathered
NA,in,in
NA,Gold,Gold
swap_repeat,Medal,Meadl
NA,Park,Park
NA,in,in
NA,Minneapolis,Minneapolis
NA,for,for
NA,a,a
NA,rally,rally
NA,organized,organized
NA,by,by
NA,the,the
NA,group,group
NA,of,of
NA,#BlackLivesMatter.,#BlackLivesMatter.
NA,The,The
NA,Minneapolis,Minneapolis
NA,group,group
swap_repeat,held,hled
NA,similar,similar
NA,events,events
NA,in,in
NA,the,the
NA,past,past
NA,in,in
NA,response,response
NA,to,to
NA,alleged,alleged
swap_repeat,police,poliec
NA,brutality,brutality
NA,across,across
NA,the,the
NA,country.,country.
NA,Protests,Protests
NA,also,also
NA,were,were
NA,held,held
NA,in,in
NA,Boston,Boston
NA,and,and
NA,Houston.,Houston.
NA,On,On
NA,Tuesday,,Tuesday,
NA,violent,violent
NA,protests,protests
NA,took,took
NA,place,place
NA,in,in
NA,Ferguson,,Ferguson,
NA,Missouri,,Missouri,
NA,where,where
NA,three,three
NA,people,people
NA,were,were
NA,shot,,shot,
NA,the,the
NA,city,city
swap_repeat,police,oplice
NA,reported.,reported.
NA,Police,Police
NA,said,said
NA,they,they
NA,didn't,didn't
NA,do,do
NA,the,the
swap_repeat,shooting.,shooitng.
NA,A,A
NA,20-year-old,20-year-old
NA,man,man
NA,was,was
NA,arrested,arrested
NA,and,and
NA,the,the
NA,three,three
NA,victims,victims
NA,were,were
swap_repeat,in,ni
NA,stable,stable
NA,condition,condition
NA,--,--
NA,two,two
swap_repeat,with,iwth
NA,wounds,wounds
NA,to,to
NA,the,the
NA,neck,,neck,
NA,one,one
NA,in,in
NA,the,the
NA,leg,,leg,
NA,police,police
NA,said.,said.
NA,Police,Police
NA,said,said
NA,about,about
NA,300,300
NA,people,people
NA,marched,,marched,
NA,with,with
NA,protesters,protesters
NA,throwing,throwing
NA,rocks,rocks
NA,at,at
NA,police,,police,
NA,damaging,damaging
NA,four,four
NA,police,police
NA,cars,cars
NA,and,and
NA,setting,setting
NA,trash,trash
NA,and,and
NA,debris,debris
NA,on,on
NA,fire,fire
NA,near,near
NA,Northwinds,Northwinds
NA,Estates,Estates
NA,and,and
NA,West,West
NA,Florissant,,Florissant,
NA,police,police
swap_repeat,said.,sadi.
NA,One,One
NA,business,business
NA,in,in
NA,Dellwood,Dellwood
NA,was,was
NA,damaged,,damaged,
NA,police,police
NA,said.,said.
NA,No,No
NA,officers,officers
swap_repeat,were,weer
NA,injured,injured
swap_repeat,as,sa
NA,police,police
NA,conducted,conducted
NA,anti-riot,anti-riot
NA,activities,activities
NA,until,until
NA,3,3
NA,a.m.,a.m.
NA,In,In
NA,Los,Los
NA,Angeles,,Angeles,
NA,six,six
NA,people,people
NA,protesting,protesting
NA,against,against
NA,police,police
NA,brutality,brutality
NA,were,were
NA,arrested,arrested
NA,Monday,Monday
NA,night,night
NA,when,when
NA,they,they
NA,failed,failed
NA,to,to
NA,disperse,,disperse,
NA,reported,reported
NA,CNN,CNN
NA,affiliate,affiliate
NA,KABC.,KABC.
NA,About,About
NA,50,50
NA,people,people
NA,marched,,marched,
NA,KABC,KABC
NA,said.,said.
NA,On,On
NA,Tuesday,,Tuesday,
NA,protesters,protesters
NA,gathered,gathered
NA,outside,outside
NA,the,the
NA,Stapes,Stapes
NA,Center,,Center,
NA,where,where
NA,the,the
NA,Los,Los
NA,Angeles,Angeles
NA,Clippers,Clippers
NA,and,and
NA,the,the
NA,San,San
NA,Antonio,Antonio
swap_repeat,Spurs,Sprus
NA,were,were
NA,playing,playing
NA,an,an
NA,NBA,NBA
NA,playoff,playoff
NA,game.,game.
NA,They,They
swap_repeat,disrupted,disruptde
swap_repeat,traffic,trfafic
NA,and,and
swap_repeat,carried,carreid
NA,protest,protest
NA,signs.,signs.
NA,In,In
NA,Chicago,,Chicago,
NA,hundreds,hundreds
NA,of,of
NA,protesters,protesters
NA,marched,marched
NA,Tuesday,Tuesday
swap_repeat,from,form
NA,police,police
NA,headquarters,headquarters
NA,at,at
NA,35th,35th
NA,and,and
NA,Michigan,Michigan
swap_repeat,through,thruogh
swap_repeat,the,teh
NA,Southside,,Southside,
NA,CNN,CNN
swap_repeat,affiliate,affiliaet
NA,WGN,WGN
NA,reported.,reported.
NA,Police,Police
NA,made,made
NA,one,one
NA,arrest,,arrest,
NA,for,for
NA,reckless,reckless
NA,conduct.,conduct.
NA,WGN,WGN
NA,said,said
swap_repeat,protesters,protestesr
NA,spoke,spoke
NA,about,about
NA,police,police
swap_repeat,violence,viloence
swap_repeat,and,adn
NA,the,the
NA,death,death
NA,of,of
NA,Rekia,Rekia
swap_repeat,Boyd,,Byod,
NA,who,who
NA,was,was
swap_repeat,killed,kileld
NA,by,by
NA,an,an
NA,off-duty,off-duty
NA,officer,officer
NA,in,in
NA,2012.,2012.
NA,That,That
NA,officer,officer
NA,was,was
NA,acquitted,acquitted
NA,last,last
NA,week.,week.
NA,The,The
NA,group,group
NA,plans,plans
NA,to,to
NA,gather,gather
NA,Wednesday,Wednesday
NA,night,night
NA,at,at
NA,the,the
NA,DePaul,DePaul
NA,Law,Law
NA,School.,School.
NA,About,About
NA,100,100
NA,people,people
NA,marched,marched
NA,Monday,Monday
swap_repeat,night,nihgt
NA,in,in
NA,Oakland,Oakland
NA,in,in
NA,support,support
NA,of,of
NA,Baltimore,Baltimore
NA,protesters,,protesters,
NA,reported,reported
NA,CNN,CNN
NA,affiliate,affiliate
NA,KABC.,KABC.
NA,A,A
NA,protest,protest
NA,is,is
NA,planned,planned
NA,for,for
NA,Thursday,Thursday
NA,in,in
NA,Cincinnati,,Cincinnati,
swap_repeat,reported,reoprted
NA,CNN,CNN
NA,affiliate,affiliate
NA,WXIX.,WXIX.
NA,Philly.com,Philly.com
NA,said,said
NA,a,a
NA,"Philly,"Philly
NA,is,is
NA,Baltimore",Baltimore"
NA,protest,protest
NA,will,will
NA,be,be
NA,held,held
NA,Thursday,Thursday
NA,at,at
NA,Philadelphia,Philadelphia
NA,City,City
NA,Hall.,Hall.
NA,Raheem,Raheem
NA,Sterling,Sterling
NA,has,has
NA,admitted,admitted
NA,he,he
NA,is,is
NA,not,not
NA,ready,ready
swap_repeat,to,ot
NA,sign,sign
NA,a,a
swap_repeat,new,enw
NA,contract,contract
NA,at,at
NA,Liverpool,Liverpool
NA,deal,deal
NA,despite,despite
NA,being,being
NA,offered,offered
NA,a,a
phonetics,Â£100,000-a-week,£100,000-a-week
NA,deal,deal
NA,to,to
NA,stay,stay
NA,with,with
NA,the,the
swap_repeat,Merseyside,Meresyside
swap_repeat,club.,clbu.
NA,The,The
NA,20-year-old,20-year-old
NA,wideman,wideman
NA,edged,edged
swap_repeat,closer,colser
NA,towards,towards
NA,an,an
NA,Anfield,Anfield
NA,exit,exit
swap_repeat,after,aftre
swap_repeat,revealing,revaeling
NA,in,in
swap_repeat,an,na
NA,interview,interview
NA,with,with
NA,the,the
NA,BBC,BBC
NA,on,on
NA,Wednesday,Wednesday
NA,that,that
NA,he,he
NA,would,would
NA,have,have
NA,signed,signed
NA,for,for
NA,a,a
NA,lot,lot
NA,less,less
NA,a,a
NA,year,year
NA,ago.,ago.
NA,However,,However,
NA,despite,despite
NA,being,being
NA,one,one
NA,of,of
NA,Liverpool's,Liverpool's
NA,star,star
NA,men,,men,
NA,Sterling,Sterling
NA,has,has
NA,struggled,struggled
NA,to,to
NA,repeat,repeat
NA,the,the
NA,impressive,impressive
NA,form,form
NA,he,he
NA,showed,showed
NA,for,for
NA,the,the
NA,Reds,Reds
swap_repeat,last,alst
NA,season.,season.
NA,The,The
NA,England,England
NA,international,international
NA,has,has
swap_repeat,managed,maanged
NA,just,just
NA,six,six
NA,goals,goals
NA,this,this
NA,season,season
NA,-,-
NA,one,one
NA,less,less
NA,than,than
swap_repeat,Stoke,Stkoe
NA,frontman,frontman
NA,Jon,Jon
NA,Walters,Walters
NA,-,-
NA,while,while
NA,his,his
NA,conversion,conversion
NA,rate,rate
NA,and,and
NA,minutes,minutes
NA,per,per
NA,goal,goal
NA,ratio,ratio
NA,have,have
NA,worsened.,worsened.
NA,Raheem,Raheem
NA,Sterling,Sterling
NA,has,has
NA,managed,managed
NA,just,just
swap_repeat,six,isx
NA,goals,goals
NA,this,this
NA,season,season
NA,-,-
NA,one,one
NA,less,less
NA,than,than
swap_repeat,Stoke,Stkoe
NA,forward,forward
NA,Jon,Jon
NA,Walters.,Walters.
NA,Chelsea,Chelsea
NA,are,are
swap_repeat,looking,looknig
swap_repeat,to,ot
NA,beat,beat
NA,Manchester,Manchester
NA,City,City
swap_repeat,to,ot
NA,sign,sign
NA,Brazilian,Brazilian
NA,prospect,prospect
NA,Nathan.,Nathan.
NA,The,The
swap_repeat,attacking,attacknig
NA,midfielder,midfielder
NA,turned,turned
NA,19,19
NA,last,last
NA,month,month
NA,but,but
NA,has,has
NA,been,been
NA,in,in
NA,contract,contract
NA,dispute,dispute
NA,with,with
NA,his,his
swap_repeat,club,clbu
NA,Atletico,Atletico
NA,Paranaense.,Paranaense.
NA,He,He
NA,is,is
NA,due,due
NA,to,to
NA,speak,speak
NA,to,to
NA,Chelsea,Chelsea
NA,next,next
NA,week,week
NA,ahead,ahead
NA,of,of
NA,a,a
NA,proposed,proposed
NA,move,move
NA,to,to
NA,Stamford,Stamford
NA,Bridge,Bridge
NA,which,which
NA,would,would
NA,likely,likely
NA,see,see
NA,him,him
NA,loaned,loaned
NA,out.,out.
NA,Manchester,Manchester
NA,City,City
swap_repeat,have,hvae
NA,been,been
NA,keen,keen
NA,on,on
NA,Nathan,Nathan
NA,following,following
swap_repeat,his,hsi
NA,performances,performances
NA,in,in
NA,the,the
NA,World,World
NA,U17,U17
NA,Championships,Championships
swap_repeat,two,wto
NA,years,years
NA,ago,ago
NA,and,and
NA,he,he
NA,has,has
NA,since,since
NA,broken,broken
NA,into,into
NA,Paranaense's,Paranaense's
NA,first,first
NA,team.,team.
NA,Chelsea,Chelsea
NA,have,have
NA,a,a
NA,strong,strong
NA,Brazilian,Brazilian
NA,contingency,contingency
NA,with,with
NA,the,the
NA,likes,likes
NA,of,of
NA,Willian,,Willian,
NA,Ramires,,Ramires,
NA,Filipe,Filipe
NA,Luis,Luis
NA,and,and
NA,Oscar,Oscar
NA,while,while
NA,21-year-old,21-year-old
NA,Lucas,Lucas
swap_repeat,Piazon,Paizon
NA,is,is
NA,on,on
NA,loan,loan
swap_repeat,at,ta
swap_repeat,Eintracht,Eitnracht
swap_repeat,Frankfurt.,Farnkfurt.
NA,Alejandro,Alejandro
NA,Valverde,Valverde
NA,successfully,successfully
NA,defended,defended
NA,his,his
NA,Fleche,Fleche
NA,Wallonne,Wallonne
NA,title,title
NA,on,on
NA,Wednesday,Wednesday
NA,as,as
NA,Chris,Chris
NA,Froome,Froome
NA,finished,finished
NA,back,back
NA,in,in
NA,123rd,123rd
NA,after,after
NA,a,a
NA,fall.,fall.
NA,Movistar,Movistar
NA,rider,rider
NA,Valverde,Valverde
NA,sprinted,sprinted
NA,to,to
swap_repeat,victory,vicotry
NA,ahead,ahead
NA,of,of
NA,Julian,Julian
NA,Alaphilippe,Alaphilippe
NA,and,and
NA,Michael,Michael
swap_repeat,Albasini,Ablasini
NA,in,in
NA,a,a
NA,race,race
NA,which,which
NA,saw,saw
NA,former,former
NA,winner,winner
NA,Philippe,Philippe
NA,Gilbert,Gilbert
NA,pull,pull
NA,out,out
NA,after,after
NA,a,a
NA,bad,bad
NA,crash,crash
NA,some,some
NA,50,50
NA,kilometres,kilometres
NA,from,from
NA,the,the
NA,end.,end.
NA,Froome,Froome
NA,was,was
NA,involved,involved
NA,in,in
NA,a,a
NA,crash,crash
NA,in,in
NA,the,the
NA,final,final
NA,12,12
NA,kilometres,kilometres
NA,but,but
NA,was,was
NA,able,able
swap_repeat,to,ot
NA,get,get
NA,back,back
swap_repeat,on,no
NA,his,his
NA,bike,bike
NA,and,and
NA,finish.,finish.
NA,Team,Team
NA,Sky's,Sky's
NA,sports,sports
NA,director,director
NA,Gabriel,Gabriel
NA,Rasch,Rasch
swap_repeat,praised,praiesd
NA,Froome,Froome
swap_repeat,for,fro
NA,finishing,finishing
NA,the,the
NA,race,race
NA,and,and
NA,said,said
NA,he,he
NA,expects,expects
NA,the,the
swap_repeat,former,fromer
NA,Tour,Tour
NA,de,de
NA,France,France
NA,winner,winner
swap_repeat,will,wlil
NA,be,be
NA,fine,fine
NA,to,to
NA,take,take
NA,part,part
NA,in,in
swap_repeat,the,hte
NA,Tour,Tour
NA,de,de
NA,Romandie,Romandie
NA,next,next
NA,week.,week.
NA,Rasch,Rasch
NA,told,told
NA,TeamSky.com:,TeamSky.com:
NA,'Chris,'Chris
NA,was,was
swap_repeat,pretty,pretyt
NA,banged,banged
NA,up,up
NA,but,but
NA,showed,showed
NA,real,real
NA,courage,courage
NA,to,to
NA,finish,finish
NA,the,the
NA,race,race
NA,and,and
NA,we'll,we'll
NA,assess,assess
NA,his,his
NA,injuries,injuries
NA,overnight.,overnight.
NA,'He,'He
swap_repeat,hasn't,hsan't
NA,needed,needed
NA,to,to
NA,go,go
swap_repeat,to,ot
NA,hospital,hospital
NA,and,and
NA,right,right
NA,now,,now,
NA,as,as
swap_repeat,things,thigns
NA,stand,,stand,
NA,we're,we're
NA,still,still
swap_repeat,expecting,expectign
NA,him,him
swap_repeat,to,ot
NA,line,line
NA,up,up
NA,at,at
NA,the,the
swap_repeat,Tour,Tuor
NA,de,de
NA,Romandie,Romandie
NA,next,next
NA,Tuesday.',Tuesday.'
swap_repeat,Team,Tema
NA,Sky's,Sky's
NA,Chris,Chris
NA,Froome,Froome
NA,fell,fell
swap_repeat,in,ni
NA,the,the
swap_repeat,closing,closnig
NA,12km,12km
NA,but,but
NA,fought,fought
NA,on,on
NA,to,to
swap_repeat,finish,fniish
swap_repeat,the,hte
swap_repeat,race,rcae
NA,despite,despite
NA,being,being
NA,'banged,'banged
NA,up'.,up'.
NA,Many,Many
NA,animals,animals
NA,mimic,mimic
NA,human,human
NA,traits,traits
NA,and,and
NA,vice,vice
NA,versa,versa
NA,but,but
NA,this,this
NA,puppy,puppy
swap_repeat,takes,atkes
swap_repeat,the,teh
NA,biscuit.,biscuit.
swap_repeat,Leia,,Leai,
NA,an,an
NA,eight-month-old,eight-month-old
NA,Boxer,Boxer
NA,from,from
NA,Pennsylvania,,Pennsylvania,
NA,was,was
NA,filmed,filmed
NA,as,as
NA,she,she
NA,lay,lay
NA,on,on
NA,the,the
NA,couch,couch
NA,and,and
NA,latched,latched
NA,on,on
swap_repeat,to,ot
NA,a,a
NA,baby's,baby's
swap_repeat,pacifier.,pacifeir.
NA,Footage,Footage
NA,shows,shows
NA,her,her
swap_repeat,then,tehn
NA,sucking,sucking
NA,on,on
NA,it,it
NA,before,before
NA,closing,closing
NA,her,her
NA,eyes,eyes
NA,and,and
NA,loudly,loudly
NA,snoring,snoring
NA,in,in
NA,her,her
NA,sleep.,sleep.
NA,A,A
NA,soothing,soothing
NA,rendition,rendition
NA,of,of
NA,Twinkle,,Twinkle,
NA,Twinkle,Twinkle
NA,Little,Little
NA,Star,Star
NA,is,is
NA,heard,heard
NA,playing,playing
NA,away,away
swap_repeat,in,ni
NA,the,the
NA,background.,background.
NA,The,The
NA,pup's,pup's
NA,owner,,owner,
NA,Dave,Dave
NA,McK,,McK,
NA,says,says
NA,that,that
NA,apparently,apparently
swap_repeat,Leia,Liea
NA,loves,loves
NA,to,to
NA,suck,suck
NA,on,on
NA,her,her
NA,pacifier.,pacifier.
NA,Each,Each
NA,time,time
NA,around,,around,
NA,she,she
NA,immediately,immediately
NA,falls,falls
NA,to,to
NA,sleep.,sleep.
NA,To,To
NA,date,date
swap_repeat,the,teh
NA,video,video
NA,of,of
NA,Leia,Leia
swap_repeat,has,hsa
swap_repeat,garnered,garneerd
NA,more,more
NA,than,than
NA,145,000,145,000
swap_repeat,likes,lkies
NA,on,on
NA,Facebook,,Facebook,
NA,with,with
NA,many,many
NA,viewers,viewers
NA,deeming,deeming
NA,the,the
NA,scene,scene
NA,'cute','cute'
NA,and,and
NA,'adorable'.,'adorable'.
NA,'This,'This
NA,has,has
NA,made,made
NA,my,my
NA,night,',night,'
NA,one,one
NA,fan,fan
NA,exclaimed,,exclaimed,
NA,while,while
NA,another,another
swap_repeat,added:,adedd:
NA,'That,'That
NA,is,is
NA,the,the
NA,cutest,cutest
NA,thing,thing
NA,I've,I've
NA,ever,ever
NA,seen!',seen!'
NA,When,When
NA,she's,she's
NA,not,not
NA,snoozing,,snoozing,
NA,Leia,Leia
NA,is,is
NA,usually,usually
NA,getting,getting
NA,up,up
swap_repeat,to,ot
NA,mischief,mischief
NA,with,with
NA,her,her
NA,older,older
NA,brother,brother
NA,Luke.,Luke.
NA,Together,,Together,
NA,the,the
NA,canines,canines
NA,have,have
NA,starred,starred
NA,in,in
NA,numerous,numerous
NA,videos,videos
NA,via,via
swap_repeat,Facebook,Faceboko
NA,and,and
NA,YouTube.,YouTube.
NA,They,They
swap_repeat,also,laso
NA,have,have
NA,their,their
swap_repeat,own,won
NA,website,,website,
NA,www.luketheboxer.com,,www.luketheboxer.com,
NA,where,where
swap_repeat,fans,afns
NA,can,can
NA,buy,buy
swap_repeat,calendars,calednars
swap_repeat,with,wtih
NA,their,their
NA,photographs,photographs
swap_repeat,on.,no.
NA,One,One
NA,Wall,Wall
NA,Street,Street
NA,trader,trader
NA,closed,closed
NA,out,out
NA,his,his
NA,week,week
NA,a,a
NA,few,few
NA,million,million
NA,dollars,dollars
NA,richer,richer
NA,last,last
NA,Friday,Friday
NA,-,-
NA,and,and
NA,it,it
swap_repeat,was,wsa
NA,all,all
NA,thanks,thanks
NA,to,to
swap_repeat,social,soical
NA,media.,media.
NA,The,The
NA,unnamed,unnamed
NA,trader,trader
NA,used,used
NA,perfect,perfect
NA,timing,timing
NA,to,to
swap_repeat,capitalize,capitaliez
NA,on,on
NA,one,one
NA,of,of
NA,the,the
NA,biggest,biggest
NA,deals,deals
NA,of,of
NA,the,the
NA,year,year
NA,when,when
NA,Wall,Wall
NA,Street,Street
NA,Journal,Journal
NA,mergers,mergers
NA,and,and
NA,acquisitions,acquisitions
NA,reporter,reporter
NA,Dana,Dana
NA,Mattioli,Mattioli
NA,took,took
NA,to,to
NA,Twitter,Twitter
NA,to,to
NA,announce,announce
NA,that,that
NA,Intel,Intel
NA,was,was
NA,in,in
NA,talks,talks
NA,to,to
NA,buy,buy
NA,one,one
NA,of,of
NA,its,its
NA,competitors,,competitors,
NA,chipmaker,chipmaker
NA,Altera.,Altera.
swap_repeat,Seconds,Secodns
NA,later,,later,
NA,the,the
NA,trader,trader
NA,had,had
NA,snapped,snapped
NA,up,up
NA,3,158,3,158
NA,contracts,contracts
swap_repeat,of,fo
swap_repeat,Altera,,Atlera,
NA,with,with
NA,each,each
NA,option,option
NA,contract,contract
NA,giving,giving
NA,them,them
NA,the,the
NA,right,right
NA,to,to
swap_repeat,purchase,pruchase
NA,100,100
NA,shares.,shares.
NA,CNBC,CNBC
NA,reports,reports
NA,that,that
NA,the,the
NA,trader,trader
NA,paid,paid
NA,$36,$36
NA,a,a
NA,share,,share,
swap_repeat,and,adn
NA,the,the
NA,call,call
NA,option,option
NA,was,was
NA,a,a
NA,mere,mere
NA,35,35
swap_repeat,cents,cnets
swap_repeat,as,sa
NA,options,options
swap_repeat,on,no
NA,the,the
NA,stock,,stock,
NA,at,at
NA,that,that
NA,point,point
NA,valued,valued
NA,at,at
NA,$34.76,$34.76
NA,a,a
NA,share,,share,
NA,were,were
NA,set,set
NA,to,to
NA,expire,expire
NA,in,in
NA,just,just
NA,a,a
NA,few,few
NA,weeks.,weeks.
NA,When,When
NA,the,the
NA,market,market
NA,closed,closed
NA,for,for
NA,the,the
NA,day,,day,
NA,Altera,Altera
NA,was,was
NA,valued,valued
NA,at,at
NA,$44.39,$44.39
NA,per,per
NA,share.,share.
NA,That,That
NA,was,was
NA,an,an
NA,increase,increase
swap_repeat,of,fo
NA,28%,,28%,
NA,but,but
NA,because,because
NA,of,of
NA,the,the
NA,call,call
NA,option,,option,
NA,the,the
NA,trader,trader
NA,was,was
NA,able,able
swap_repeat,to,ot
NA,sell,sell
NA,their,their
NA,stocks,stocks
NA,at,at
NA,a,a
NA,far,far
NA,greater,greater
NA,profit.,profit.
NA,So,So
NA,instead,instead
NA,of,of
NA,making,making
NA,a,a
NA,28%,28%
NA,profit,,profit,
NA,the,the
NA,trader,trader
NA,made,made
NA,a,a
NA,2,220%,2,220%
NA,profit,profit
NA,of,of
NA,roughly,roughly
NA,$2.5million,$2.5million
NA,when,when
NA,they,they
swap_repeat,sold,slod
NA,their,their
NA,shares.,shares.
NA,Even,Even
NA,more,more
NA,impressive,impressive
NA,is,is
swap_repeat,that,htat
NA,the,the
swap_repeat,trader,tradre
NA,managed,managed
NA,to,to
NA,make,make
NA,the,the
swap_repeat,purchase,purcahse
NA,just,just
NA,minutes,minutes
NA,before,before
NA,Nasdaq,Nasdaq
NA,suspended,suspended
NA,trading,trading
NA,of,of
NA,Altera,Altera
NA,because,because
NA,of,of
NA,the,the
NA,tweet,tweet
NA,from,from
NA,Mattioli.,Mattioli.
NA,What's,What's
NA,more,,more,
NA,call,call
swap_repeat,options,otpions
NA,for,for
NA,Altera,Altera
NA,had,had
NA,at,at
NA,that,that
NA,point,point
NA,reached,reached
NA,a,a
NA,price,price
NA,of,of
NA,$8.10,$8.10
swap_repeat,by,yb
NA,the,the
swap_repeat,end,ned
NA,of,of
NA,the,the
NA,day.,day.
NA,There,There
NA,is,is
NA,also,also
NA,a,a
NA,chance,,chance,
NA,reports,reports
NA,Matt,Matt
NA,Khouw,,Khouw,
swap_repeat,that,htat
NA,the,the
NA,trader,trader
swap_repeat,could,cuold
swap_repeat,have,hvae
NA,been,been
swap_repeat,aware,awaer
NA,of,of
NA,Intel's,Intel's
NA,plan,plan
NA,to,to
NA,buy,buy
NA,Altera,Altera
NA,early,,early,
NA,or,or
NA,that,that
NA,they,they
NA,used,used
NA,a,a
NA,bot,bot
NA,to,to
NA,quickly,quickly
NA,buy,buy
NA,the,the
NA,shares.,shares.
NA,'A,'A
NA,bot,bot
NA,is,is
NA,not,not
swap_repeat,as,sa
swap_repeat,outlandish,oultandish
NA,as,as
NA,it,it
NA,sounds,',sounds,'
NA,Khouw,Khouw
NA,said.,said.
swap_repeat,'Traders,'Tarders
NA,need,need
NA,to,to
NA,aggregate,aggregate
NA,and,and
NA,filter,filter
NA,through,through
NA,tremendous,tremendous
NA,amounts,amounts
NA,of,of
NA,data,data
NA,quickly,quickly
NA,and,and
NA,will,will
NA,rely,rely
NA,on,on
NA,technology,technology
NA,to,to
NA,help,help
NA,if,if
NA,it,it
NA,is,is
NA,available.',available.'
NA,As,As
NA,for,for
NA,Intel's,Intel's
NA,reported,reported
NA,purchase,purchase
NA,of,of
NA,Altera,,Altera,
NA,that,that
NA,still,still
NA,has,has
NA,yet,yet
NA,to,to
NA,happen.,happen.
NA,Meanwhile,,Meanwhile,
swap_repeat,Intel,Intle
NA,share,share
NA,prices,prices
NA,fell,fell
NA,earlier,earlier
NA,this,this
NA,week,week
NA,in,in
NA,response,response
NA,to,to
swap_repeat,the,teh
NA,news,news
NA,that,that
swap_repeat,they,tehy
NA,might,might
NA,purchase,purchase
NA,Altera.,Altera.
NA,Per,Per
NA,Mertesacker,Mertesacker
NA,looks,looks
NA,set,set
NA,to,to
NA,be,be
NA,ruled,ruled
NA,out,out
NA,of,of
NA,Arsenal's,Arsenal's
NA,derby,derby
NA,against,against
NA,Chelsea,Chelsea
NA,although,although
NA,the,the
NA,defender,defender
swap_repeat,has,hsa
NA,escaped,escaped
NA,any,any
NA,serious,serious
NA,ankle,ankle
NA,ligament,ligament
NA,damage.,damage.
NA,Mertesacker,,Mertesacker,
NA,captain,captain
NA,during,during
NA,the,the
NA,long,long
NA,absence,absence
NA,of,of
NA,Mikel,Mikel
swap_repeat,Arteta,,Arttea,
NA,limped,limped
NA,off,off
NA,during,during
NA,the,the
NA,second,second
NA,half,half
swap_repeat,of,fo
NA,the,the
NA,FA,FA
NA,Cup,Cup
NA,semi-final,semi-final
NA,against,against
NA,Reading,Reading
NA,at,at
NA,Wembley,Wembley
NA,on,on
NA,Saturday.,Saturday.
NA,There,There
NA,were,were
NA,fears,fears
NA,of,of
NA,a,a
swap_repeat,serious,sreious
NA,injury,injury
NA,for,for
NA,the,the
NA,6ft,6ft
NA,6in,6in
NA,German,German
NA,after,after
NA,he,he
swap_repeat,twisted,twitsed
NA,the,the
swap_repeat,joint,ojint
NA,but,but
NA,subsequent,subsequent
NA,scans,scans
swap_repeat,have,ahve
swap_repeat,shown,sohwn
NA,it,it
NA,is,is
NA,a,a
NA,minor,minor
NA,sprain.,sprain.
NA,He,He
NA,is,is
swap_repeat,not,nto
NA,expected,expected
NA,to,to
swap_repeat,be,eb
NA,fit,fit
NA,in,in
NA,time,time
NA,for,for
NA,Sunday,,Sunday,
NA,however,,however,
NA,and,and
NA,likely,likely
NA,to,to
NA,be,be
NA,replaced,replaced
NA,at,at
NA,centre-half,centre-half
NA,by,by
NA,Gabriel,Gabriel
swap_repeat,Paulista,,Pauilsta,
NA,who,who
NA,has,has
NA,started,started
NA,three,three
NA,times,times
NA,in,in
NA,the,the
NA,Barclays,Barclays
NA,Premier,Premier
NA,League,League
NA,since,since
NA,he,he
swap_repeat,was,aws
NA,signed,signed
NA,in,in
NA,January,January
NA,from,from
NA,Villarreal.,Villarreal.
NA,Chelsea,Chelsea
NA,come,come
NA,into,into
NA,the,the
NA,match,match
NA,with,with
NA,a,a
NA,10-point,10-point
swap_repeat,lead,laed
NA,over,over
NA,their,their
swap_repeat,London,Lnodon
NA,rivals,rivals
NA,and,and
NA,will,will
NA,need,need
NA,to,to
NA,capitulate,capitulate
NA,in,in
NA,spectacular,spectacular
NA,fashion,fashion
swap_repeat,to,ot
NA,not,not
NA,take,take
NA,the,the
NA,Premier,Premier
NA,League,League
swap_repeat,title.,tilte.
NA,Second-placed,Second-placed
NA,Arsenal,,Arsenal,
swap_repeat,on,no
NA,66,66
NA,points,,points,
NA,lead,lead
NA,Manchester,Manchester
NA,United,United
NA,on,on
NA,65,65
NA,and,and
NA,Manchester,Manchester
NA,City,City
NA,on,on
NA,64.,64.
NA,This,This
NA,is,is
NA,the,the
NA,shocking,shocking
swap_repeat,moment,mmoent
NA,a,a
NA,pit,pit
NA,crew,crew
NA,member,member
swap_repeat,was,wsa
swap_repeat,hit,iht
NA,by,by
NA,a,a
NA,car,car
NA,on,on
NA,Sunday,Sunday
NA,during,during
NA,the,the
NA,inaugural,inaugural
NA,IndyCar,IndyCar
NA,Grand,Grand
NA,Prix,Prix
NA,of,of
NA,Louisiana.,Louisiana.
NA,Todd,Todd
NA,Phillips,,Phillips,
NA,a,a
NA,front-outside,front-outside
swap_repeat,tire,itre
NA,changer,changer
NA,for,for
NA,Dayle,Dayle
NA,Coyne,Coyne
NA,Racing,,Racing,
NA,was,was
NA,injured,injured
NA,when,when
NA,he,he
NA,was,was
NA,struck,struck
NA,by,by
NA,the,the
swap_repeat,car,cra
NA,of,of
NA,Francesco,Francesco
NA,Dracone,,Dracone,
NA,who,who
NA,had,had
NA,come,come
NA,in,in
NA,on,on
NA,Lap,Lap
NA,25,25
NA,for,for
NA,tyres,tyres
NA,and,and
NA,fuel.,fuel.
NA,Dracone,Dracone
swap_repeat,spun,supn
NA,while,while
NA,exiting,exiting
swap_repeat,his,ihs
NA,put,put
NA,box,,box,
NA,clipping,clipping
swap_repeat,Phillips',Phillisp'
swap_repeat,leg.,elg.
NA,Phillips,Phillips
NA,was,was
NA,taken,taken
NA,to,to
swap_repeat,the,teh
NA,infield,infield
NA,care,care
NA,center,center
NA,for,for
NA,treatment,treatment
swap_repeat,where,whree
NA,he,he
NA,has,has
NA,received,received
swap_repeat,stitches,stitchse
NA,for,for
NA,a,a
NA,cut,cut
NA,on,on
NA,his,his
NA,leg,leg
NA,and,and
NA,has,has
swap_repeat,been,eben
swap_repeat,released.,relaesed.
NA,Many,Many
NA,cars,cars
swap_repeat,struggled,srtuggled
NA,with,with
NA,traction,traction
swap_repeat,during,durnig
NA,the,the
NA,race,race
NA,after,after
NA,rain,rain
NA,had,had
NA,fallen,fallen
NA,for,for
swap_repeat,hours,ohurs
NA,leading,leading
NA,up,up
NA,to,to
NA,the,the
NA,green,green
NA,flag.,flag.
NA,Dracone,Dracone
NA,did,did
NA,not,not
NA,finish,finish
NA,the,the
NA,race,race
NA,and,and
NA,wound,wound
NA,up,up
NA,23rd.,23rd.
NA,A,A
NA,boxing,boxing
NA,fight,fight
NA,had,had
swap_repeat,to,ot
swap_repeat,be,eb
NA,halted,halted
NA,after,after
NA,a,a
swap_repeat,fighter's,fgihter's
NA,cell,cell
NA,phone,phone
NA,fell,fell
NA,out,out
NA,of,of
NA,his,his
NA,trunks.,trunks.
NA,Marvin,Marvin
NA,"Papi,"Papi
NA,Gallo",Gallo"
NA,Jones,Jones
NA,and,and
NA,Ramon,Ramon
swap_repeat,Luis,Lusi
NA,Nicolas,Nicolas
NA,were,were
NA,in,in
NA,the,the
NA,middle,middle
NA,of,of
NA,a,a
NA,bout,bout
NA,when,when
swap_repeat,the,hte
NA,black,black
NA,phone,phone
NA,slipped,slipped
NA,out,out
NA,from,from
NA,Jones',Jones'
NA,black,black
swap_repeat,and,adn
NA,red,red
NA,shorts,shorts
NA,at,at
NA,the,the
NA,ring,ring
NA,in,in
swap_repeat,Arcadia,,Arcadai,
swap_repeat,Florida.,Floirda.
NA,Referee,Referee
swap_repeat,Frankie,Fraknie
NA,Santore,Santore
NA,Jr.,Jr.
NA,went,went
NA,over,over
NA,to,to
NA,pick,pick
NA,up,up
NA,the,the
NA,Samsung,Samsung
NA,Galaxy,Galaxy
NA,and,and
NA,looked,looked
NA,like,like
NA,he,he
NA,was,was
NA,chastising,chastising
NA,Jones,,Jones,
NA,who,who
NA,seemed,seemed
NA,confused.,confused.
NA,Jones,,Jones,
NA,32,,32,
swap_repeat,held,ehld
NA,his,his
NA,hands,hands
NA,up,up
NA,as,as
NA,the,the
swap_repeat,referee,rfeeree
swap_repeat,took,toko
NA,the,the
NA,phone,phone
NA,over,over
NA,to,to
NA,the,the
NA,side,side
NA,of,of
NA,the,the
NA,ring.,ring.
NA,The,The
NA,audience,audience
NA,and,and
NA,viewers,viewers
NA,were,were
NA,baffled,baffled
swap_repeat,as,sa
NA,to,to
NA,why,why
NA,Jones,Jones
NA,had,had
NA,his,his
NA,phone,phone
swap_repeat,in,ni
NA,his,his
NA,shorts.,shorts.
NA,But,But
NA,Jones,Jones
NA,later,later
NA,told,told
NA,TMZ,TMZ
NA,Sports,Sports
NA,that,that
NA,he,he
NA,was,was
swap_repeat,listening,listenign
swap_repeat,to,ot
NA,music,music
NA,before,before
NA,the,the
NA,fight,fight
swap_repeat,on,no
NA,Friday,Friday
swap_repeat,and,adn
NA,put,put
NA,his,his
swap_repeat,phone,hpone
NA,in,in
NA,his,his
swap_repeat,shorts.,shotrs.
NA,When,When
NA,he,he
NA,got,got
NA,to,to
NA,the,the
NA,ring,,ring,
NA,he,he
NA,pulled,pulled
NA,out,out
NA,his,his
NA,headphones,,headphones,
NA,but,but
NA,missed,missed
NA,his,his
NA,phone.,phone.
NA,Jones,Jones
NA,believes,believes
NA,the,the
NA,mishap,mishap
NA,cost,cost
NA,him,him
NA,the,the
NA,fight,fight
swap_repeat,as,sa
NA,he,he
NA,kept,kept
NA,thinking,,thinking,
NA,'Man,,'Man,
NA,my,my
NA,cell,cell
NA,phone,phone
swap_repeat,just,ujst
NA,fell,fell
swap_repeat,out,otu
NA,in,in
NA,the,the
NA,ring,ring
NA,-,-
NA,and,and
NA,on,on
NA,TV!',TV!'
NA,He,He
NA,has,has
NA,decided,decided
NA,that,that
NA,for,for
NA,his,his
NA,next,next
NA,fight,fight
NA,he,he
NA,will,will
NA,make,make
NA,sure,sure
swap_repeat,someone,osmeone
NA,pats,pats
swap_repeat,him,ihm
swap_repeat,down.,odwn.
NA,A,A
NA,man,man
NA,was,was
NA,horrified,horrified
NA,after,after
NA,finding,finding
NA,a,a
NA,five,five
NA,inch,inch
NA,piece,piece
NA,of,of
NA,TIMBER,TIMBER
NA,in,in
NA,his,his
NA,frozen,frozen
NA,curry.,curry.
NA,John,John
NA,Foran's,Foran's
NA,wife,wife
NA,Nita,Nita
swap_repeat,was,aws
NA,preparing,preparing
NA,a,a
NA,chicken,chicken
NA,tikka,tikka
NA,biryani,biryani
NA,stir-fry,stir-fry
swap_repeat,on,no
NA,Tuesday,Tuesday
NA,April,April
NA,7,7
NA,when,when
NA,he,he
NA,found,found
NA,the,the
NA,splinter-covered,splinter-covered
NA,shard.,shard.
NA,The,The
delete,Â£2,£2
NA,ready,ready
swap_repeat,meal,mela
NA,was,was
NA,bought,bought
NA,from,from
NA,an,an
NA,Iceland,Iceland
NA,Foods,Foods
NA,store,store
NA,in,in
NA,Spytty,Spytty
NA,Retail,Retail
NA,Park,Park
NA,near,near
swap_repeat,the,hte
swap_repeat,couple's,coulpe's
NA,home,home
NA,in,in
NA,Newport,,Newport,
NA,South,South
NA,Wales,,Wales,
NA,within,within
NA,the,the
NA,last,last
NA,two,two
NA,weeks.,weeks.
NA,John,,John,
NA,59,,59,
NA,said:,said:
swap_repeat,'When,'Whne
NA,it,it
NA,fell,fell
NA,out,out
NA,of,of
NA,the,the
NA,bag,bag
NA,I,I
NA,couldn't,couldn't
NA,believe,believe
swap_repeat,it.,ti.
NA,'As,'As
NA,Nita,Nita
NA,was,was
NA,putting,putting
NA,it,it
NA,in,in
NA,the,the
NA,stir,stir
NA,fry,fry
NA,dish,,dish,
NA,she,she
NA,thought,thought
NA,it,it
NA,was,was
NA,just,just
NA,a,a
swap_repeat,big,bgi
NA,bit,bit
NA,of,of
NA,veg.,veg.
NA,'It,'It
NA,was,was
NA,a,a
NA,piece,piece
NA,of,of
NA,wood,wood
NA,with,with
NA,splinters,splinters
NA,coming,coming
NA,off,off
NA,it.,it.
NA,'I,'I
NA,just,just
NA,don't,don't
NA,understand,understand
NA,how,how
NA,it,it
NA,got,got
NA,inside.',inside.'
NA,Shocked,Shocked
NA,John,John
NA,immediately,immediately
NA,contacted,contacted
NA,Iceland,Iceland
swap_repeat,who,woh
NA,are,are
NA,currently,currently
NA,investigating,investigating
NA,the,the
NA,matter.,matter.
NA,He,He
NA,said:,said:
NA,'It,'It
NA,may,may
NA,only,only
NA,have,have
NA,been,been
delete,Â£2,£2
NA,but,but
NA,that's,that's
swap_repeat,beside,ebside
swap_repeat,the,hte
NA,point.,point.
NA,'Things,'Things
NA,like,like
NA,this,this
NA,should,should
swap_repeat,not,ont
NA,be,be
NA,in,in
NA,your,your
NA,food.,food.
NA,'I,'I
NA,contacted,contacted
NA,Iceland,Iceland
NA,and,and
NA,all,all
swap_repeat,they,htey
NA,said,said
swap_repeat,was,wsa
NA,take,take
NA,it,it
NA,back,back
NA,to,to
NA,the,the
NA,shop,shop
swap_repeat,and,nad
NA,that,that
NA,they'll,they'll
swap_repeat,be,eb
NA,in,in
NA,touch.,touch.
NA,'But,'But
NA,I,I
NA,want,want
NA,people,people
NA,to,to
NA,know,know
NA,what,what
NA,could,could
NA,be,be
NA,hiding,hiding
NA,in,in
NA,their,their
NA,meal.',meal.'
NA,An,An
NA,Iceland,Iceland
NA,spokeswoman,spokeswoman
NA,said:,said:
NA,'Please,'Please
NA,be,be
NA,assured,assured
NA,that,that
NA,we,we
swap_repeat,take,atke
NA,all,all
NA,complaints,complaints
NA,extremely,extremely
NA,seriously.,seriously.
NA,We,We
NA,can,can
NA,confirm,confirm
NA,that,that
NA,Mr,Mr
NA,Foran,Foran
NA,has,has
NA,now,now
NA,been,been
NA,in,in
NA,touch,touch
NA,with,with
NA,our,our
NA,customer,customer
NA,care,care
NA,department,department
swap_repeat,regarding,regardign
swap_repeat,the,hte
NA,foreign,foreign
swap_repeat,body,obdy
NA,found,found
NA,in,in
NA,his,his
NA,ready,ready
NA,meal.,meal.
NA,'Mr,'Mr
swap_repeat,Foran,Foarn
NA,is,is
NA,returning,returning
NA,the,the
NA,item,item
NA,to,to
NA,the,the
swap_repeat,store,stroe
NA,and,and
NA,the,the
NA,foreign,foreign
swap_repeat,body,obdy
swap_repeat,will,iwll
NA,be,be
swap_repeat,collected,clolected
NA,by,by
NA,our,our
NA,supplier,supplier
NA,in,in
swap_repeat,order,oredr
swap_repeat,for,ofr
NA,them,them
NA,to,to
NA,carry,carry
NA,out,out
NA,a,a
NA,thorough,thorough
swap_repeat,investigation.,investigatoin.
NA,As,As
swap_repeat,soon,oson
NA,as,as
NA,we,we
NA,have,have
NA,the,the
NA,results,results
NA,of,of
swap_repeat,this,thsi
NA,investigation,investigation
NA,we,we
NA,will,will
NA,get,get
NA,back,back
NA,in,in
NA,touch,touch
NA,with,with
NA,Mr,Mr
NA,Foran.',Foran.'
NA,Fighting,Fighting
NA,between,between
NA,rival,rival
NA,fans,fans
NA,forced,forced
NA,a,a
NA,Russian,Russian
swap_repeat,Premier,Prmeier
NA,League,League
NA,match,match
swap_repeat,between,bewteen
NA,Arsenal,Arsenal
NA,Tula,Tula
NA,and,and
NA,Torpedo,Torpedo
NA,Moscow,Moscow
NA,to,to
NA,be,be
NA,stopped,stopped
NA,for,for
NA,seven,seven
NA,minutes,minutes
NA,on,on
NA,Sunday.,Sunday.
NA,A,A
NA,statement,statement
NA,on,on
NA,Arsenal's,Arsenal's
NA,official,official
NA,site,site
NA,read:,read:
NA,'In,'In
NA,the,the
NA,31st,31st
NA,minute,,minute,
NA,fans,fans
NA,from,from
swap_repeat,the,hte
NA,visiting,visiting
NA,Moscow,Moscow
NA,club,club
NA,broke,broke
NA,down,down
NA,barriers,barriers
NA,in,in
NA,front,front
NA,of,of
NA,the,the
NA,visitors,visitors
NA,sector,sector
NA,and,and
NA,tried,tried
NA,to,to
NA,get,get
NA,to,to
NA,the,the
NA,East,East
NA,Stand,,Stand,
NA,where,where
NA,a,a
NA,number,number
NA,of,of
NA,women,women
NA,and,and
NA,children,children
NA,were,were
NA,sitting.,sitting.
NA,'The,'The
swap_repeat,Torpedo,Torpdeo
NA,fans,fans
NA,began,began
NA,breaking,breaking
NA,seats,seats
NA,and,and
NA,throwing,throwing
NA,them,them
NA,towards,towards
NA,law,law
NA,enforcement,enforcement
NA,officers,officers
NA,and,and
NA,stewards.',stewards.'
NA,Referee,Referee
NA,Alexander,Alexander
NA,Yegorov,Yegorov
NA,stopped,stopped
NA,the,the
NA,match,match
NA,and,and
NA,told,told
NA,the,the
NA,players,players
NA,to,to
NA,leave,leave
NA,the,the
NA,pitch,pitch
NA,and,and
NA,head,head
NA,for,for
NA,the,the
NA,dressing,dressing
NA,rooms,,rooms,
NA,while,while
NA,fights,fights
NA,broke,broke
NA,out,out
NA,between,between
NA,fans,fans
swap_repeat,on,no
NA,the,the
NA,running,running
NA,track,track
NA,after,after
NA,they,they
NA,managed,managed
NA,to,to
NA,climb,climb
NA,over,over
NA,barriers.,barriers.
NA,After,After
NA,order,order
NA,was,was
NA,restored,restored
NA,play,play
NA,resumed,resumed
NA,and,and
NA,Torpedo,Torpedo
NA,ran,ran
NA,out,out
NA,3-1,3-1
NA,winners.,winners.
NA,Sergei,Sergei
NA,Cheban,,Cheban,
swap_repeat,executive,executiev
NA,director,director
NA,of,of
NA,the,the
NA,Russian,Russian
NA,Football,Football
NA,Premier,Premier
NA,League,,League,
swap_repeat,said,siad
NA,Torpedo,Torpedo
NA,could,could
NA,expected,expected
NA,to,to
NA,be,be
NA,heavily,heavily
NA,punished,punished
NA,for,for
NA,this,this
NA,latest,latest
NA,outbreak,outbreak
NA,of,of
NA,violence,violence
swap_repeat,by,yb
NA,their,their
NA,fans.,fans.
swap_repeat,'Those,'Tohse
NA,people,people
swap_repeat,who,woh
NA,organised,organised
NA,the,the
NA,trouble,trouble
NA,have,have
NA,already,already
swap_repeat,been,bene
NA,detained.,detained.
NA,The,The
swap_repeat,security,securiyt
NA,forces,forces
NA,on,on
NA,duty,duty
NA,were,were
NA,very,very
NA,professional,professional
NA,in,in
NA,their,their
NA,work,',work,'
swap_repeat,said,siad
NA,Cheban,Cheban
NA,in,in
NA,an,an
swap_repeat,interview,interveiw
NA,with,with
NA,Championat.com.,Championat.com.
swap_repeat,'Torpedo,'Topredo
NA,can,can
NA,expect,expect
NA,to,to
NA,receive,receive
NA,serious,serious
NA,punishment.,punishment.
NA,This,This
NA,is,is
NA,hooliganism,hooliganism
NA,and,and
NA,it,it
swap_repeat,not,ont
NA,the,the
NA,first,first
NA,time,time
NA,they,they
NA,have,have
NA,stopped,stopped
NA,a,a
NA,match.,match.
NA,The,The
swap_repeat,punishment,punismhent
NA,will,will
NA,be,be
NA,harsh.',harsh.'
NA,Torpedo's,Torpedo's
NA,fans,fans
NA,have,have
NA,caused,caused
NA,trouble,trouble
NA,on,on
NA,a,a
NA,number,number
swap_repeat,of,fo
NA,occasions,occasions
NA,and,and
swap_repeat,the,teh
NA,club,club
NA,have,have
NA,already,already
NA,been,been
NA,punished,punished
NA,three,three
NA,times,times
NA,this,this
NA,season,season
swap_repeat,for,fro
NA,racist,racist
NA,behaviour,behaviour
NA,of,of
NA,their,their
NA,supporters.,supporters.
NA,The,The
NA,last,last
NA,incident,incident
NA,occurred,occurred
NA,on,on
NA,March,March
NA,15,15
NA,when,when
NA,Torpedo,Torpedo
NA,fans,fans
NA,abused,abused
NA,Zenit,Zenit
NA,St,St
NA,Petersburg's,Petersburg's
NA,Brazilian,Brazilian
NA,forward,forward
NA,Hulk.,Hulk.
NA,The,The
NA,side,side
NA,were,were
NA,sanctioned,sanctioned
NA,by,by
swap_repeat,having,hvaing
NA,to,to
NA,play,play
NA,two,two
NA,matches,matches
NA,behind,behind
swap_repeat,closed,lcosed
NA,doors.,doors.
NA,Torpedo,Torpedo
NA,are,are
swap_repeat,currently,ucrrently
NA,in,in
NA,12th,12th
NA,place,place
NA,in,in
NA,the,the
NA,Russian,Russian
NA,Premier,Premier
NA,League,League
swap_repeat,table,talbe
NA,with,with
NA,19,19
NA,points,,points,
NA,while,while
NA,Arsenal,Arsenal
NA,Tula,Tula
NA,are,are
NA,one,one
NA,place,place
NA,off,off
NA,the,the
NA,bottom,bottom
NA,with,with
NA,14,14
NA,points.,points.
NA,A,A
NA,physician,,physician,
NA,93,,93,
NA,who,who
NA,was,was
swap_repeat,team,etam
swap_repeat,doctor,docotr
NA,for,for
swap_repeat,five,fiev
NA,U.S.,U.S.
NA,men's,men's
NA,Olympic,Olympic
NA,hockey,hockey
NA,squads,,squads,
NA,including,including
NA,the,the
NA,'Miracle,'Miracle
swap_repeat,on,no
NA,Ice',Ice'
NA,team,team
NA,that,that
NA,won,won
NA,in,in
NA,the,the
NA,1980's,,1980's,
NA,has,has
NA,suffered,suffered
NA,serious,serious
swap_repeat,injuries,inujries
NA,in,in
NA,an,an
NA,attack,attack
NA,while,while
NA,visiting,visiting
NA,his,his
NA,wife's,wife's
NA,grave,grave
NA,on,on
NA,Sunday.,Sunday.
NA,George,George
NA,Nagobads,Nagobads
NA,was,was
NA,allegedly,allegedly
NA,mugged,mugged
NA,by,by
NA,a,a
swap_repeat,teenager,etenager
NA,on,on
NA,Sunday,Sunday
swap_repeat,afternoon,faternoon
NA,at,at
NA,the,the
NA,Crystal,Crystal
NA,Lake,Lake
NA,Cemetery,Cemetery
NA,in,in
NA,Minneapolis,Minneapolis
NA,while,while
NA,laying,laying
NA,flowers,flowers
NA,on,on
NA,his,his
NA,wife,wife
NA,Velta's,Velta's
NA,grave.,grave.
NA,He,He
NA,was,was
swap_repeat,released,releasde
NA,from,from
NA,the,the
NA,hospital,hospital
NA,on,on
NA,Tuesday,Tuesday
swap_repeat,with,wiht
NA,18,18
NA,stitches,stitches
NA,in,in
NA,his,his
NA,head.,head.
NA,After,After
NA,allegedly,allegedly
NA,being,being
NA,attacked,attacked
NA,by,by
NA,a,a
NA,snowbrush,snowbrush
NA,on,on
NA,Sunday,,Sunday,
NA,a,a
NA,bloodied,bloodied
NA,Nagobads,Nagobads
NA,managed,managed
NA,to,to
NA,get,get
NA,back,back
NA,in,in
NA,his,his
NA,car,car
swap_repeat,and,nad
NA,drive,drive
NA,away.,away.
NA,Nagobads,,Nagobads,
NA,who,who
swap_repeat,is,si
NA,recovering,recovering
NA,at,at
NA,home,,home,
NA,said,said
swap_repeat,on,no
NA,Tuesday,Tuesday
NA,that,that
NA,he,he
NA,sped,sped
NA,to,to
NA,a,a
NA,nearby,nearby
NA,hospital,hospital
NA,following,following
NA,the,the
NA,beating.,beating.
NA,He,He
NA,told,told
NA,The,The
swap_repeat,Star,Satr
NA,Tribune,Tribune
NA,that,that
NA,he,he
NA,suffered,suffered
NA,a,a
NA,slight,slight
NA,concussion,concussion
NA,and,and
NA,was,was
NA,kept,kept
NA,overnight,overnight
NA,for,for
swap_repeat,observation.,obseravtion.
NA,'I,'I
NA,brought,brought
NA,new,new
NA,flowers,flowers
NA,and,and
NA,was,was
NA,just,just
NA,stooping,stooping
NA,down,',down,'
NA,said,said
NA,Nagobads,Nagobads
NA,of,of
NA,honoring,honoring
NA,his,his
NA,wife,wife
NA,Velta,Velta
swap_repeat,Nagobads,Nagboads
NA,who,who
NA,died,died
NA,in,in
NA,2005.,2005.
NA,Nagobads,Nagobads
NA,said,said
NA,that,that
NA,by,by
NA,throwing,throwing
NA,his,his
NA,wallet,wallet
NA,in,in
NA,attempt,attempt
NA,to,to
NA,distract,distract
NA,the,the
NA,teen,teen
NA,he,he
NA,was,was
NA,able,able
NA,to,to
NA,get,get
NA,away,away
NA,without,without
NA,further,further
NA,harm.,harm.
NA,'I'm,'I'm
NA,so,so
swap_repeat,lucky.,lukcy.
NA,...,...
NA,I,I
NA,used,used
NA,that,that
NA,little,little
NA,trick,trick
NA,and,and
NA,threw,threw
NA,the,the
NA,wallet,wallet
NA,to,to
NA,get,get
NA,to,to
NA,my,my
NA,car',car'
swap_repeat,about,abuot
NA,40,40
NA,yards,yards
NA,away,,away,
NA,the,the
NA,doctor,doctor
NA,said.,said.
NA,As,As
NA,the,the
NA,boy,boy
NA,picked,picked
NA,up,up
NA,the,the
NA,wallet,,wallet,
NA,Nagobads,Nagobads
NA,continued,,continued,
NA,'I,'I
NA,was,was
NA,running,running
NA,...,...
NA,really,really
NA,fast.,fast.
NA,I,I
NA,was,was
NA,surprised,surprised
NA,how,how
NA,I,I
NA,could,could
NA,run,run
swap_repeat,like,liek
NA,this.',this.'
NA,Nagobads,Nagobads
NA,said,said
NA,that,that
NA,he,he
NA,bled,bled
NA,heavily,heavily
NA,while,while
NA,behind,behind
swap_repeat,the,teh
NA,wheel,wheel
swap_repeat,of,fo
NA,his,his
NA,car,car
NA,and,and
NA,risked,risked
NA,being,being
swap_repeat,stopped,sotpped
NA,by,by
NA,a,a
NA,cop.,cop.
NA,'I,'I
NA,drove,drove
NA,way,way
NA,over,over
NA,the,the
NA,speed,speed
NA,limit.,limit.
NA,If,If
NA,a,a
NA,cop,cop
NA,catches,catches
NA,me,,me,
NA,that's,that's
NA,fine,',fine,'
NA,he,he
NA,said,said
NA,he,he
NA,thought,thought
NA,after,after
NA,the,the
NA,attack,attack
swap_repeat,on,no
NA,Sunday.,Sunday.
swap_repeat,Witness,Wtiness
NA,Justin,Justin
swap_repeat,McCarthy,McCarhty
NA,says,says
NA,he,he
NA,saw,saw
NA,a,a
NA,young,young
NA,man,man
NA,around,around
NA,the,the
NA,age,age
NA,of,of
NA,14,14
swap_repeat,or,ro
NA,15,15
swap_repeat,looking,looknig
NA,through,through
NA,a,a
NA,wallet,wallet
NA,near,near
NA,the,the
NA,mausoleum,mausoleum
NA,before,before
NA,fleeing,fleeing
NA,by,by
NA,bicycle,bicycle
NA,and,and
swap_repeat,jumping,jupming
NA,over,over
NA,a,a
NA,fence.,fence.
NA,'I,'I
NA,saw,saw
NA,the,the
NA,kid,kid
NA,there.,there.
NA,I,I
NA,put,put
NA,two,two
NA,and,and
NA,two,two
swap_repeat,together,,togetehr,
NA,and,and
NA,I,I
NA,just,just
NA,got,got
NA,really,really
NA,mad,',mad,'
NA,said,said
NA,McCarthy.,McCarthy.
NA,McCarthy,McCarthy
NA,said,said
NA,he,he
swap_repeat,chased,cahsed
NA,the,the
NA,teen,teen
NA,but,but
swap_repeat,not,ont
swap_repeat,very,vrey
NA,far.,far.
NA,'I'm,'I'm
NA,52,52
NA,and,and
NA,I'm,I'm
NA,kind,kind
NA,of,of
NA,fat.,fat.
NA,It,It
NA,wasn't,wasn't
NA,going,going
NA,to,to
NA,happen.,happen.
NA,...,...
NA,I,I
NA,was,was
NA,completely,completely
NA,exhausted,',exhausted,'
NA,said,said
NA,McCarthy.,McCarthy.
NA,McCarthy,McCarthy
NA,said,said
NA,that,that
NA,Nagobads,Nagobads
NA,told,told
NA,him,,him,
NA,'I,'I
NA,gave,gave
NA,him,him
swap_repeat,my,ym
NA,wallet,,wallet,
NA,and,and
NA,he,he
NA,still,still
NA,tried,tried
NA,to,to
swap_repeat,kill,ikll
NA,me.',me.'
NA,Nagobads,Nagobads
NA,was,was
NA,the,the
NA,University,University
NA,of,of
NA,Minnesota,Minnesota
NA,men's,men's
NA,hockey,hockey
NA,team,team
swap_repeat,physician,phyiscian
NA,for,for
NA,34,34
NA,years,years
swap_repeat,until,nutil
NA,his,his
NA,retirement,retirement
swap_repeat,in,ni
NA,1992.,1992.
NA,He,He
NA,also,also
NA,worked,worked
NA,for,for
NA,the,the
NA,Minnesota,Minnesota
NA,North,North
NA,Stars,Stars
NA,in,in
swap_repeat,the,teh
NA,late,late
NA,1980s,1980s
NA,and,and
swap_repeat,early,earyl
NA,1990s.,1990s.
NA,And,And
NA,he,he
swap_repeat,was,wsa
NA,team,team
NA,doctor,doctor
NA,for,for
NA,the,the
NA,famous,famous
NA,'Miracle,'Miracle
NA,on,on
NA,Ice',Ice'
NA,team,team
NA,that,that
NA,won,won
NA,Olympic,Olympic
NA,gold,gold
NA,in,in
NA,1980.,1980.
NA,He,He
NA,was,was
NA,played,played
NA,by,by
NA,Kenneth,Kenneth
NA,Welsh,Welsh
swap_repeat,in,ni
NA,the,the
NA,2004,2004
NA,movie,movie
NA,'Miracle,','Miracle,'
NA,about,about
NA,the,the
NA,USA's,USA's
NA,improbable,improbable
swap_repeat,gold,ogld
NA,medal,medal
NA,run,run
NA,in,in
NA,Lake,Lake
NA,Placid.,Placid.
NA,The,The
NA,cemetery,cemetery
NA,is,is
swap_repeat,owned,onwed
swap_repeat,by,yb
NA,Bill,Bill
NA,McReavy,,McReavy,
NA,who,who
NA,said,,said,
NA,'This,'This
NA,is,is
NA,an,an
NA,isolated,isolated
NA,incident,incident
NA,and,and
NA,we,we
NA,are,are
NA,looking,looking
NA,at,at
NA,it,it
NA,very,very
NA,closely.',closely.'
NA,Unfortunately,,Unfortunately,
NA,it,it
NA,wasn't,wasn't
NA,captured,captured
NA,on,on
NA,security,security
NA,video.,video.
